[q4km-imatrix] 2026-05-18 00:25:00 sleeping until 05:30
[q4km-imatrix] 2026-05-18 05:31:02 BF16 official summaries exist
[q4km-imatrix] 2026-05-18 05:31:02 NVFP4 official summaries exist
[q4km-imatrix] 2026-05-18 05:31:02 converting official BF16 HF package to F16 GGUF
INFO:hf-to-gguf:Loading model: Qwen3.6-35B-A3B-BF16-official-n5
INFO:hf-to-gguf:Model architecture: Qwen3_5MoeForConditionalGeneration
INFO:hf-to-gguf:gguf: loading model weight map from 'model.safetensors.index.json'
INFO:hf-to-gguf:gguf: indexing model part 'model-00001-of-00026.safetensors'
INFO:hf-to-gguf:gguf: indexing model part 'model-00002-of-00026.safetensors'
INFO:hf-to-gguf:gguf: indexing model part 'model-00003-of-00026.safetensors'
INFO:hf-to-gguf:gguf: indexing model part 'model-00004-of-00026.safetensors'
INFO:hf-to-gguf:gguf: indexing model part 'model-00005-of-00026.safetensors'
INFO:hf-to-gguf:gguf: indexing model part 'model-00006-of-00026.safetensors'
INFO:hf-to-gguf:gguf: indexing model part 'model-00007-of-00026.safetensors'
INFO:hf-to-gguf:gguf: indexing model part 'model-00008-of-00026.safetensors'
INFO:hf-to-gguf:gguf: indexing model part 'model-00009-of-00026.safetensors'
INFO:hf-to-gguf:gguf: indexing model part 'model-00010-of-00026.safetensors'
INFO:hf-to-gguf:gguf: indexing model part 'model-00011-of-00026.safetensors'
INFO:hf-to-gguf:gguf: indexing model part 'model-00012-of-00026.safetensors'
INFO:hf-to-gguf:gguf: indexing model part 'model-00013-of-00026.safetensors'
INFO:hf-to-gguf:gguf: indexing model part 'model-00014-of-00026.safetensors'
INFO:hf-to-gguf:gguf: indexing model part 'model-00015-of-00026.safetensors'
INFO:hf-to-gguf:gguf: indexing model part 'model-00016-of-00026.safetensors'
INFO:hf-to-gguf:gguf: indexing model part 'model-00017-of-00026.safetensors'
INFO:hf-to-gguf:gguf: indexing model part 'model-00018-of-00026.safetensors'
INFO:hf-to-gguf:gguf: indexing model part 'model-00019-of-00026.safetensors'
INFO:hf-to-gguf:gguf: indexing model part 'model-00020-of-00026.safetensors'
INFO:hf-to-gguf:gguf: indexing model part 'model-00021-of-00026.safetensors'
INFO:hf-to-gguf:gguf: indexing model part 'model-00022-of-00026.safetensors'
INFO:hf-to-gguf:gguf: indexing model part 'model-00023-of-00026.safetensors'
INFO:hf-to-gguf:gguf: indexing model part 'model-00024-of-00026.safetensors'
INFO:hf-to-gguf:gguf: indexing model part 'model-00025-of-00026.safetensors'
INFO:hf-to-gguf:gguf: indexing model part 'model-00026-of-00026.safetensors'
INFO:gguf.gguf_writer:gguf: This GGUF file is for Little Endian only
INFO:hf-to-gguf:Exporting model...
INFO:hf-to-gguf:token_embd.weight,                 torch.bfloat16 --> F16, shape = {2048, 248320}
INFO:hf-to-gguf:blk.0.attn_qkv.weight,             torch.bfloat16 --> F16, shape = {2048, 8192}
INFO:hf-to-gguf:blk.0.attn_gate.weight,            torch.bfloat16 --> F16, shape = {2048, 4096}
INFO:hf-to-gguf:blk.0.ssm_out.weight,              torch.bfloat16 --> F16, shape = {4096, 2048}
INFO:hf-to-gguf:blk.0.ffn_gate_exps.weight,        torch.bfloat16 --> F16, shape = {2048, 512, 256}
INFO:hf-to-gguf:blk.0.ffn_up_exps.weight,          torch.bfloat16 --> F16, shape = {2048, 512, 256}
INFO:hf-to-gguf:blk.1.attn_qkv.weight,             torch.bfloat16 --> F16, shape = {2048, 8192}
INFO:hf-to-gguf:blk.1.attn_gate.weight,            torch.bfloat16 --> F16, shape = {2048, 4096}
INFO:hf-to-gguf:blk.1.ssm_out.weight,              torch.bfloat16 --> F16, shape = {4096, 2048}
INFO:hf-to-gguf:blk.1.ffn_down_exps.weight,        torch.bfloat16 --> F16, shape = {512, 2048, 256}
INFO:hf-to-gguf:blk.1.ffn_gate_exps.weight,        torch.bfloat16 --> F16, shape = {2048, 512, 256}
INFO:hf-to-gguf:blk.1.ffn_up_exps.weight,          torch.bfloat16 --> F16, shape = {2048, 512, 256}
INFO:hf-to-gguf:blk.0.attn_norm.weight,            torch.bfloat16 --> F32, shape = {2048}
INFO:hf-to-gguf:blk.0.ssm_a,                       torch.bfloat16 --> F32, shape = {32}
INFO:hf-to-gguf:blk.0.ssm_conv1d.weight,           torch.bfloat16 --> F32, shape = {4, 8192}
INFO:hf-to-gguf:blk.0.ssm_dt.bias,                 torch.bfloat16 --> F32, shape = {32}
INFO:hf-to-gguf:blk.0.ssm_alpha.weight,            torch.bfloat16 --> F16, shape = {2048, 32}
INFO:hf-to-gguf:blk.0.ssm_beta.weight,             torch.bfloat16 --> F16, shape = {2048, 32}
INFO:hf-to-gguf:blk.0.ssm_norm.weight,             torch.bfloat16 --> F32, shape = {128}
INFO:hf-to-gguf:blk.0.ffn_down_exps.weight,        torch.bfloat16 --> F16, shape = {512, 2048, 256}
INFO:hf-to-gguf:blk.0.ffn_gate_inp.weight,         torch.bfloat16 --> F32, shape = {2048, 256}
INFO:hf-to-gguf:blk.0.ffn_down_shexp.weight,       torch.bfloat16 --> F16, shape = {512, 2048}
INFO:hf-to-gguf:blk.0.ffn_gate_shexp.weight,       torch.bfloat16 --> F16, shape = {2048, 512}
INFO:hf-to-gguf:blk.0.ffn_up_shexp.weight,         torch.bfloat16 --> F16, shape = {2048, 512}
INFO:hf-to-gguf:blk.0.ffn_gate_inp_shexp.weight,   torch.bfloat16 --> F32, shape = {2048, 1}
INFO:hf-to-gguf:blk.0.post_attention_norm.weight,  torch.bfloat16 --> F32, shape = {2048}
INFO:hf-to-gguf:blk.1.attn_norm.weight,            torch.bfloat16 --> F32, shape = {2048}
INFO:hf-to-gguf:blk.1.ssm_a,                       torch.bfloat16 --> F32, shape = {32}
INFO:hf-to-gguf:blk.1.ssm_conv1d.weight,           torch.bfloat16 --> F32, shape = {4, 8192}
INFO:hf-to-gguf:blk.1.ssm_dt.bias,                 torch.bfloat16 --> F32, shape = {32}
INFO:hf-to-gguf:blk.1.ssm_alpha.weight,            torch.bfloat16 --> F16, shape = {2048, 32}
INFO:hf-to-gguf:blk.1.ssm_beta.weight,             torch.bfloat16 --> F16, shape = {2048, 32}
INFO:hf-to-gguf:blk.1.ssm_norm.weight,             torch.bfloat16 --> F32, shape = {128}
INFO:hf-to-gguf:blk.1.ffn_gate_inp.weight,         torch.bfloat16 --> F32, shape = {2048, 256}
INFO:hf-to-gguf:blk.1.ffn_down_shexp.weight,       torch.bfloat16 --> F16, shape = {512, 2048}
INFO:hf-to-gguf:blk.1.ffn_gate_shexp.weight,       torch.bfloat16 --> F16, shape = {2048, 512}
INFO:hf-to-gguf:blk.1.ffn_up_shexp.weight,         torch.bfloat16 --> F16, shape = {2048, 512}
INFO:hf-to-gguf:blk.1.ffn_gate_inp_shexp.weight,   torch.bfloat16 --> F32, shape = {2048, 1}
INFO:hf-to-gguf:blk.1.post_attention_norm.weight,  torch.bfloat16 --> F32, shape = {2048}
INFO:hf-to-gguf:blk.2.attn_norm.weight,            torch.bfloat16 --> F32, shape = {2048}
INFO:hf-to-gguf:blk.2.ssm_a,                       torch.bfloat16 --> F32, shape = {32}
INFO:hf-to-gguf:blk.2.ssm_conv1d.weight,           torch.bfloat16 --> F32, shape = {4, 8192}
INFO:hf-to-gguf:blk.2.ssm_dt.bias,                 torch.bfloat16 --> F32, shape = {32}
INFO:hf-to-gguf:blk.2.ssm_alpha.weight,            torch.bfloat16 --> F16, shape = {2048, 32}
INFO:hf-to-gguf:blk.2.ssm_beta.weight,             torch.bfloat16 --> F16, shape = {2048, 32}
INFO:hf-to-gguf:blk.2.attn_qkv.weight,             torch.bfloat16 --> F16, shape = {2048, 8192}
INFO:hf-to-gguf:blk.2.attn_gate.weight,            torch.bfloat16 --> F16, shape = {2048, 4096}
INFO:hf-to-gguf:blk.2.ssm_norm.weight,             torch.bfloat16 --> F32, shape = {128}
INFO:hf-to-gguf:blk.2.ssm_out.weight,              torch.bfloat16 --> F16, shape = {4096, 2048}
INFO:hf-to-gguf:blk.2.ffn_down_exps.weight,        torch.bfloat16 --> F16, shape = {512, 2048, 256}
INFO:hf-to-gguf:blk.2.ffn_gate_exps.weight,        torch.bfloat16 --> F16, shape = {2048, 512, 256}
INFO:hf-to-gguf:blk.2.ffn_up_exps.weight,          torch.bfloat16 --> F16, shape = {2048, 512, 256}
INFO:hf-to-gguf:blk.2.ffn_gate_inp.weight,         torch.bfloat16 --> F32, shape = {2048, 256}
INFO:hf-to-gguf:blk.2.ffn_down_shexp.weight,       torch.bfloat16 --> F16, shape = {512, 2048}
INFO:hf-to-gguf:blk.2.ffn_gate_shexp.weight,       torch.bfloat16 --> F16, shape = {2048, 512}
INFO:hf-to-gguf:blk.2.ffn_up_shexp.weight,         torch.bfloat16 --> F16, shape = {2048, 512}
INFO:hf-to-gguf:blk.2.ffn_gate_inp_shexp.weight,   torch.bfloat16 --> F32, shape = {2048, 1}
INFO:hf-to-gguf:blk.2.post_attention_norm.weight,  torch.bfloat16 --> F32, shape = {2048}
INFO:hf-to-gguf:blk.3.attn_norm.weight,            torch.bfloat16 --> F32, shape = {2048}
INFO:hf-to-gguf:blk.3.ffn_down_exps.weight,        torch.bfloat16 --> F16, shape = {512, 2048, 256}
INFO:hf-to-gguf:blk.3.ffn_gate_exps.weight,        torch.bfloat16 --> F16, shape = {2048, 512, 256}
INFO:hf-to-gguf:blk.3.ffn_up_exps.weight,          torch.bfloat16 --> F16, shape = {2048, 512, 256}
INFO:hf-to-gguf:blk.3.ffn_gate_inp.weight,         torch.bfloat16 --> F32, shape = {2048, 256}
INFO:hf-to-gguf:blk.3.ffn_down_shexp.weight,       torch.bfloat16 --> F16, shape = {512, 2048}
INFO:hf-to-gguf:blk.3.ffn_gate_shexp.weight,       torch.bfloat16 --> F16, shape = {2048, 512}
INFO:hf-to-gguf:blk.3.ffn_up_shexp.weight,         torch.bfloat16 --> F16, shape = {2048, 512}
INFO:hf-to-gguf:blk.3.ffn_gate_inp_shexp.weight,   torch.bfloat16 --> F32, shape = {2048, 1}
INFO:hf-to-gguf:blk.3.post_attention_norm.weight,  torch.bfloat16 --> F32, shape = {2048}
INFO:hf-to-gguf:blk.3.attn_k_norm.weight,          torch.bfloat16 --> F32, shape = {256}
INFO:hf-to-gguf:blk.3.attn_k.weight,               torch.bfloat16 --> F16, shape = {2048, 512}
INFO:hf-to-gguf:blk.3.attn_output.weight,          torch.bfloat16 --> F16, shape = {4096, 2048}
INFO:hf-to-gguf:blk.3.attn_q_norm.weight,          torch.bfloat16 --> F32, shape = {256}
INFO:hf-to-gguf:blk.3.attn_q.weight,               torch.bfloat16 --> F16, shape = {2048, 8192}
INFO:hf-to-gguf:blk.3.attn_v.weight,               torch.bfloat16 --> F16, shape = {2048, 512}
INFO:hf-to-gguf:blk.4.attn_norm.weight,            torch.bfloat16 --> F32, shape = {2048}
INFO:hf-to-gguf:blk.4.ssm_a,                       torch.bfloat16 --> F32, shape = {32}
INFO:hf-to-gguf:blk.4.ssm_conv1d.weight,           torch.bfloat16 --> F32, shape = {4, 8192}
INFO:hf-to-gguf:blk.4.ssm_dt.bias,                 torch.bfloat16 --> F32, shape = {32}
INFO:hf-to-gguf:blk.4.ssm_alpha.weight,            torch.bfloat16 --> F16, shape = {2048, 32}
INFO:hf-to-gguf:blk.4.ssm_beta.weight,             torch.bfloat16 --> F16, shape = {2048, 32}
INFO:hf-to-gguf:blk.4.attn_qkv.weight,             torch.bfloat16 --> F16, shape = {2048, 8192}
INFO:hf-to-gguf:blk.4.attn_gate.weight,            torch.bfloat16 --> F16, shape = {2048, 4096}
INFO:hf-to-gguf:blk.4.ssm_norm.weight,             torch.bfloat16 --> F32, shape = {128}
INFO:hf-to-gguf:blk.4.ssm_out.weight,              torch.bfloat16 --> F16, shape = {4096, 2048}
INFO:hf-to-gguf:blk.4.ffn_down_exps.weight,        torch.bfloat16 --> F16, shape = {512, 2048, 256}
INFO:hf-to-gguf:blk.4.ffn_gate_exps.weight,        torch.bfloat16 --> F16, shape = {2048, 512, 256}
INFO:hf-to-gguf:blk.4.ffn_up_exps.weight,          torch.bfloat16 --> F16, shape = {2048, 512, 256}
INFO:hf-to-gguf:blk.4.ffn_gate_inp.weight,         torch.bfloat16 --> F32, shape = {2048, 256}
INFO:hf-to-gguf:blk.4.ffn_down_shexp.weight,       torch.bfloat16 --> F16, shape = {512, 2048}
INFO:hf-to-gguf:blk.4.ffn_gate_shexp.weight,       torch.bfloat16 --> F16, shape = {2048, 512}
INFO:hf-to-gguf:blk.4.ffn_up_shexp.weight,         torch.bfloat16 --> F16, shape = {2048, 512}
INFO:hf-to-gguf:blk.4.ffn_gate_inp_shexp.weight,   torch.bfloat16 --> F32, shape = {2048, 1}
INFO:hf-to-gguf:blk.4.post_attention_norm.weight,  torch.bfloat16 --> F32, shape = {2048}
INFO:hf-to-gguf:blk.5.attn_norm.weight,            torch.bfloat16 --> F32, shape = {2048}
INFO:hf-to-gguf:blk.5.ssm_a,                       torch.bfloat16 --> F32, shape = {32}
INFO:hf-to-gguf:blk.5.ssm_conv1d.weight,           torch.bfloat16 --> F32, shape = {4, 8192}
INFO:hf-to-gguf:blk.5.ssm_dt.bias,                 torch.bfloat16 --> F32, shape = {32}
INFO:hf-to-gguf:blk.5.ssm_alpha.weight,            torch.bfloat16 --> F16, shape = {2048, 32}
INFO:hf-to-gguf:blk.5.ssm_beta.weight,             torch.bfloat16 --> F16, shape = {2048, 32}
INFO:hf-to-gguf:blk.5.attn_qkv.weight,             torch.bfloat16 --> F16, shape = {2048, 8192}
INFO:hf-to-gguf:blk.5.attn_gate.weight,            torch.bfloat16 --> F16, shape = {2048, 4096}
INFO:hf-to-gguf:blk.5.ssm_norm.weight,             torch.bfloat16 --> F32, shape = {128}
INFO:hf-to-gguf:blk.5.ssm_out.weight,              torch.bfloat16 --> F16, shape = {4096, 2048}
INFO:hf-to-gguf:blk.5.ffn_down_exps.weight,        torch.bfloat16 --> F16, shape = {512, 2048, 256}
INFO:hf-to-gguf:blk.5.ffn_gate_exps.weight,        torch.bfloat16 --> F16, shape = {2048, 512, 256}
INFO:hf-to-gguf:blk.5.ffn_up_exps.weight,          torch.bfloat16 --> F16, shape = {2048, 512, 256}
INFO:hf-to-gguf:blk.5.ffn_gate_inp.weight,         torch.bfloat16 --> F32, shape = {2048, 256}
INFO:hf-to-gguf:blk.5.ffn_down_shexp.weight,       torch.bfloat16 --> F16, shape = {512, 2048}
INFO:hf-to-gguf:blk.5.ffn_gate_shexp.weight,       torch.bfloat16 --> F16, shape = {2048, 512}
INFO:hf-to-gguf:blk.5.ffn_up_shexp.weight,         torch.bfloat16 --> F16, shape = {2048, 512}
INFO:hf-to-gguf:blk.5.ffn_gate_inp_shexp.weight,   torch.bfloat16 --> F32, shape = {2048, 1}
INFO:hf-to-gguf:blk.5.post_attention_norm.weight,  torch.bfloat16 --> F32, shape = {2048}
INFO:hf-to-gguf:blk.6.attn_norm.weight,            torch.bfloat16 --> F32, shape = {2048}
INFO:hf-to-gguf:blk.6.ssm_a,                       torch.bfloat16 --> F32, shape = {32}
INFO:hf-to-gguf:blk.6.ssm_conv1d.weight,           torch.bfloat16 --> F32, shape = {4, 8192}
INFO:hf-to-gguf:blk.6.ssm_dt.bias,                 torch.bfloat16 --> F32, shape = {32}
INFO:hf-to-gguf:blk.6.ssm_alpha.weight,            torch.bfloat16 --> F16, shape = {2048, 32}
INFO:hf-to-gguf:blk.6.ssm_beta.weight,             torch.bfloat16 --> F16, shape = {2048, 32}
INFO:hf-to-gguf:blk.6.attn_qkv.weight,             torch.bfloat16 --> F16, shape = {2048, 8192}
INFO:hf-to-gguf:blk.6.attn_gate.weight,            torch.bfloat16 --> F16, shape = {2048, 4096}
INFO:hf-to-gguf:blk.6.ssm_norm.weight,             torch.bfloat16 --> F32, shape = {128}
INFO:hf-to-gguf:blk.6.ssm_out.weight,              torch.bfloat16 --> F16, shape = {4096, 2048}
INFO:hf-to-gguf:blk.6.ffn_down_exps.weight,        torch.bfloat16 --> F16, shape = {512, 2048, 256}
INFO:hf-to-gguf:blk.6.ffn_gate_exps.weight,        torch.bfloat16 --> F16, shape = {2048, 512, 256}
INFO:hf-to-gguf:blk.6.ffn_up_exps.weight,          torch.bfloat16 --> F16, shape = {2048, 512, 256}
INFO:hf-to-gguf:blk.6.ffn_gate_inp.weight,         torch.bfloat16 --> F32, shape = {2048, 256}
INFO:hf-to-gguf:blk.6.ffn_down_shexp.weight,       torch.bfloat16 --> F16, shape = {512, 2048}
INFO:hf-to-gguf:blk.6.ffn_gate_shexp.weight,       torch.bfloat16 --> F16, shape = {2048, 512}
INFO:hf-to-gguf:blk.6.ffn_up_shexp.weight,         torch.bfloat16 --> F16, shape = {2048, 512}
INFO:hf-to-gguf:blk.6.ffn_gate_inp_shexp.weight,   torch.bfloat16 --> F32, shape = {2048, 1}
INFO:hf-to-gguf:blk.6.post_attention_norm.weight,  torch.bfloat16 --> F32, shape = {2048}
INFO:hf-to-gguf:blk.7.attn_norm.weight,            torch.bfloat16 --> F32, shape = {2048}
INFO:hf-to-gguf:blk.7.ffn_down_exps.weight,        torch.bfloat16 --> F16, shape = {512, 2048, 256}
INFO:hf-to-gguf:blk.7.ffn_gate_exps.weight,        torch.bfloat16 --> F16, shape = {2048, 512, 256}
INFO:hf-to-gguf:blk.7.ffn_up_exps.weight,          torch.bfloat16 --> F16, shape = {2048, 512, 256}
INFO:hf-to-gguf:blk.7.ffn_gate_inp.weight,         torch.bfloat16 --> F32, shape = {2048, 256}
INFO:hf-to-gguf:blk.7.ffn_down_shexp.weight,       torch.bfloat16 --> F16, shape = {512, 2048}
INFO:hf-to-gguf:blk.7.ffn_gate_shexp.weight,       torch.bfloat16 --> F16, shape = {2048, 512}
INFO:hf-to-gguf:blk.7.ffn_up_shexp.weight,         torch.bfloat16 --> F16, shape = {2048, 512}
INFO:hf-to-gguf:blk.7.ffn_gate_inp_shexp.weight,   torch.bfloat16 --> F32, shape = {2048, 1}
INFO:hf-to-gguf:blk.7.post_attention_norm.weight,  torch.bfloat16 --> F32, shape = {2048}
INFO:hf-to-gguf:blk.7.attn_k_norm.weight,          torch.bfloat16 --> F32, shape = {256}
INFO:hf-to-gguf:blk.7.attn_k.weight,               torch.bfloat16 --> F16, shape = {2048, 512}
INFO:hf-to-gguf:blk.7.attn_output.weight,          torch.bfloat16 --> F16, shape = {4096, 2048}
INFO:hf-to-gguf:blk.7.attn_q_norm.weight,          torch.bfloat16 --> F32, shape = {256}
INFO:hf-to-gguf:blk.7.attn_q.weight,               torch.bfloat16 --> F16, shape = {2048, 8192}
INFO:hf-to-gguf:blk.7.attn_v.weight,               torch.bfloat16 --> F16, shape = {2048, 512}
INFO:hf-to-gguf:blk.10.attn_qkv.weight,            torch.bfloat16 --> F16, shape = {2048, 8192}
INFO:hf-to-gguf:blk.10.attn_gate.weight,           torch.bfloat16 --> F16, shape = {2048, 4096}
INFO:hf-to-gguf:blk.10.ssm_out.weight,             torch.bfloat16 --> F16, shape = {4096, 2048}
INFO:hf-to-gguf:blk.10.ffn_down_exps.weight,       torch.bfloat16 --> F16, shape = {512, 2048, 256}
INFO:hf-to-gguf:blk.8.attn_qkv.weight,             torch.bfloat16 --> F16, shape = {2048, 8192}
INFO:hf-to-gguf:blk.8.attn_gate.weight,            torch.bfloat16 --> F16, shape = {2048, 4096}
INFO:hf-to-gguf:blk.8.ssm_out.weight,              torch.bfloat16 --> F16, shape = {4096, 2048}
INFO:hf-to-gguf:blk.8.ffn_down_exps.weight,        torch.bfloat16 --> F16, shape = {512, 2048, 256}
INFO:hf-to-gguf:blk.8.ffn_gate_exps.weight,        torch.bfloat16 --> F16, shape = {2048, 512, 256}
INFO:hf-to-gguf:blk.8.ffn_up_exps.weight,          torch.bfloat16 --> F16, shape = {2048, 512, 256}
INFO:hf-to-gguf:blk.9.attn_qkv.weight,             torch.bfloat16 --> F16, shape = {2048, 8192}
INFO:hf-to-gguf:blk.9.attn_gate.weight,            torch.bfloat16 --> F16, shape = {2048, 4096}
INFO:hf-to-gguf:blk.9.ssm_out.weight,              torch.bfloat16 --> F16, shape = {4096, 2048}
INFO:hf-to-gguf:blk.9.ffn_down_exps.weight,        torch.bfloat16 --> F16, shape = {512, 2048, 256}
INFO:hf-to-gguf:blk.9.ffn_gate_exps.weight,        torch.bfloat16 --> F16, shape = {2048, 512, 256}
INFO:hf-to-gguf:blk.9.ffn_up_exps.weight,          torch.bfloat16 --> F16, shape = {2048, 512, 256}
INFO:hf-to-gguf:blk.10.attn_norm.weight,           torch.bfloat16 --> F32, shape = {2048}
INFO:hf-to-gguf:blk.10.ssm_a,                      torch.bfloat16 --> F32, shape = {32}
INFO:hf-to-gguf:blk.10.ssm_conv1d.weight,          torch.bfloat16 --> F32, shape = {4, 8192}
INFO:hf-to-gguf:blk.10.ssm_dt.bias,                torch.bfloat16 --> F32, shape = {32}
INFO:hf-to-gguf:blk.10.ssm_alpha.weight,           torch.bfloat16 --> F16, shape = {2048, 32}
INFO:hf-to-gguf:blk.10.ssm_beta.weight,            torch.bfloat16 --> F16, shape = {2048, 32}
INFO:hf-to-gguf:blk.10.ssm_norm.weight,            torch.bfloat16 --> F32, shape = {128}
INFO:hf-to-gguf:blk.10.ffn_gate_exps.weight,       torch.bfloat16 --> F16, shape = {2048, 512, 256}
INFO:hf-to-gguf:blk.10.ffn_up_exps.weight,         torch.bfloat16 --> F16, shape = {2048, 512, 256}
INFO:hf-to-gguf:blk.10.ffn_gate_inp.weight,        torch.bfloat16 --> F32, shape = {2048, 256}
INFO:hf-to-gguf:blk.10.ffn_down_shexp.weight,      torch.bfloat16 --> F16, shape = {512, 2048}
INFO:hf-to-gguf:blk.10.ffn_gate_shexp.weight,      torch.bfloat16 --> F16, shape = {2048, 512}
INFO:hf-to-gguf:blk.10.ffn_up_shexp.weight,        torch.bfloat16 --> F16, shape = {2048, 512}
INFO:hf-to-gguf:blk.10.ffn_gate_inp_shexp.weight,  torch.bfloat16 --> F32, shape = {2048, 1}
INFO:hf-to-gguf:blk.10.post_attention_norm.weight, torch.bfloat16 --> F32, shape = {2048}
INFO:hf-to-gguf:blk.8.attn_norm.weight,            torch.bfloat16 --> F32, shape = {2048}
INFO:hf-to-gguf:blk.8.ssm_a,                       torch.bfloat16 --> F32, shape = {32}
INFO:hf-to-gguf:blk.8.ssm_conv1d.weight,           torch.bfloat16 --> F32, shape = {4, 8192}
INFO:hf-to-gguf:blk.8.ssm_dt.bias,                 torch.bfloat16 --> F32, shape = {32}
INFO:hf-to-gguf:blk.8.ssm_alpha.weight,            torch.bfloat16 --> F16, shape = {2048, 32}
INFO:hf-to-gguf:blk.8.ssm_beta.weight,             torch.bfloat16 --> F16, shape = {2048, 32}
INFO:hf-to-gguf:blk.8.ssm_norm.weight,             torch.bfloat16 --> F32, shape = {128}
INFO:hf-to-gguf:blk.8.ffn_gate_inp.weight,         torch.bfloat16 --> F32, shape = {2048, 256}
INFO:hf-to-gguf:blk.8.ffn_down_shexp.weight,       torch.bfloat16 --> F16, shape = {512, 2048}
INFO:hf-to-gguf:blk.8.ffn_gate_shexp.weight,       torch.bfloat16 --> F16, shape = {2048, 512}
INFO:hf-to-gguf:blk.8.ffn_up_shexp.weight,         torch.bfloat16 --> F16, shape = {2048, 512}
INFO:hf-to-gguf:blk.8.ffn_gate_inp_shexp.weight,   torch.bfloat16 --> F32, shape = {2048, 1}
INFO:hf-to-gguf:blk.8.post_attention_norm.weight,  torch.bfloat16 --> F32, shape = {2048}
INFO:hf-to-gguf:blk.9.attn_norm.weight,            torch.bfloat16 --> F32, shape = {2048}
INFO:hf-to-gguf:blk.9.ssm_a,                       torch.bfloat16 --> F32, shape = {32}
INFO:hf-to-gguf:blk.9.ssm_conv1d.weight,           torch.bfloat16 --> F32, shape = {4, 8192}
INFO:hf-to-gguf:blk.9.ssm_dt.bias,                 torch.bfloat16 --> F32, shape = {32}
INFO:hf-to-gguf:blk.9.ssm_alpha.weight,            torch.bfloat16 --> F16, shape = {2048, 32}
INFO:hf-to-gguf:blk.9.ssm_beta.weight,             torch.bfloat16 --> F16, shape = {2048, 32}
INFO:hf-to-gguf:blk.9.ssm_norm.weight,             torch.bfloat16 --> F32, shape = {128}
INFO:hf-to-gguf:blk.9.ffn_gate_inp.weight,         torch.bfloat16 --> F32, shape = {2048, 256}
INFO:hf-to-gguf:blk.9.ffn_down_shexp.weight,       torch.bfloat16 --> F16, shape = {512, 2048}
INFO:hf-to-gguf:blk.9.ffn_gate_shexp.weight,       torch.bfloat16 --> F16, shape = {2048, 512}
INFO:hf-to-gguf:blk.9.ffn_up_shexp.weight,         torch.bfloat16 --> F16, shape = {2048, 512}
INFO:hf-to-gguf:blk.9.ffn_gate_inp_shexp.weight,   torch.bfloat16 --> F32, shape = {2048, 1}
INFO:hf-to-gguf:blk.9.post_attention_norm.weight,  torch.bfloat16 --> F32, shape = {2048}
INFO:hf-to-gguf:blk.11.ffn_gate_exps.weight,       torch.bfloat16 --> F16, shape = {2048, 512, 256}
INFO:hf-to-gguf:blk.11.ffn_up_exps.weight,         torch.bfloat16 --> F16, shape = {2048, 512, 256}
INFO:hf-to-gguf:blk.11.attn_k.weight,              torch.bfloat16 --> F16, shape = {2048, 512}
INFO:hf-to-gguf:blk.11.attn_output.weight,         torch.bfloat16 --> F16, shape = {4096, 2048}
INFO:hf-to-gguf:blk.11.attn_q.weight,              torch.bfloat16 --> F16, shape = {2048, 8192}
INFO:hf-to-gguf:blk.11.attn_v.weight,              torch.bfloat16 --> F16, shape = {2048, 512}
INFO:hf-to-gguf:blk.12.attn_qkv.weight,            torch.bfloat16 --> F16, shape = {2048, 8192}
INFO:hf-to-gguf:blk.12.attn_gate.weight,           torch.bfloat16 --> F16, shape = {2048, 4096}
INFO:hf-to-gguf:blk.12.ssm_out.weight,             torch.bfloat16 --> F16, shape = {4096, 2048}
INFO:hf-to-gguf:blk.12.ffn_gate_exps.weight,       torch.bfloat16 --> F16, shape = {2048, 512, 256}
INFO:hf-to-gguf:blk.12.ffn_up_exps.weight,         torch.bfloat16 --> F16, shape = {2048, 512, 256}
INFO:hf-to-gguf:blk.13.attn_qkv.weight,            torch.bfloat16 --> F16, shape = {2048, 8192}
INFO:hf-to-gguf:blk.13.attn_gate.weight,           torch.bfloat16 --> F16, shape = {2048, 4096}
INFO:hf-to-gguf:blk.13.ssm_out.weight,             torch.bfloat16 --> F16, shape = {4096, 2048}
INFO:hf-to-gguf:blk.13.ffn_down_exps.weight,       torch.bfloat16 --> F16, shape = {512, 2048, 256}
INFO:hf-to-gguf:blk.13.ffn_gate_exps.weight,       torch.bfloat16 --> F16, shape = {2048, 512, 256}
INFO:hf-to-gguf:blk.13.ffn_up_exps.weight,         torch.bfloat16 --> F16, shape = {2048, 512, 256}
INFO:hf-to-gguf:blk.11.attn_norm.weight,           torch.bfloat16 --> F32, shape = {2048}
INFO:hf-to-gguf:blk.11.ffn_down_exps.weight,       torch.bfloat16 --> F16, shape = {512, 2048, 256}
INFO:hf-to-gguf:blk.11.ffn_gate_inp.weight,        torch.bfloat16 --> F32, shape = {2048, 256}
INFO:hf-to-gguf:blk.11.ffn_down_shexp.weight,      torch.bfloat16 --> F16, shape = {512, 2048}
INFO:hf-to-gguf:blk.11.ffn_gate_shexp.weight,      torch.bfloat16 --> F16, shape = {2048, 512}
INFO:hf-to-gguf:blk.11.ffn_up_shexp.weight,        torch.bfloat16 --> F16, shape = {2048, 512}
INFO:hf-to-gguf:blk.11.ffn_gate_inp_shexp.weight,  torch.bfloat16 --> F32, shape = {2048, 1}
INFO:hf-to-gguf:blk.11.post_attention_norm.weight, torch.bfloat16 --> F32, shape = {2048}
INFO:hf-to-gguf:blk.11.attn_k_norm.weight,         torch.bfloat16 --> F32, shape = {256}
INFO:hf-to-gguf:blk.11.attn_q_norm.weight,         torch.bfloat16 --> F32, shape = {256}
INFO:hf-to-gguf:blk.12.attn_norm.weight,           torch.bfloat16 --> F32, shape = {2048}
INFO:hf-to-gguf:blk.12.ssm_a,                      torch.bfloat16 --> F32, shape = {32}
INFO:hf-to-gguf:blk.12.ssm_conv1d.weight,          torch.bfloat16 --> F32, shape = {4, 8192}
INFO:hf-to-gguf:blk.12.ssm_dt.bias,                torch.bfloat16 --> F32, shape = {32}
INFO:hf-to-gguf:blk.12.ssm_alpha.weight,           torch.bfloat16 --> F16, shape = {2048, 32}
INFO:hf-to-gguf:blk.12.ssm_beta.weight,            torch.bfloat16 --> F16, shape = {2048, 32}
INFO:hf-to-gguf:blk.12.ssm_norm.weight,            torch.bfloat16 --> F32, shape = {128}
INFO:hf-to-gguf:blk.12.ffn_down_exps.weight,       torch.bfloat16 --> F16, shape = {512, 2048, 256}
INFO:hf-to-gguf:blk.12.ffn_gate_inp.weight,        torch.bfloat16 --> F32, shape = {2048, 256}
INFO:hf-to-gguf:blk.12.ffn_down_shexp.weight,      torch.bfloat16 --> F16, shape = {512, 2048}
INFO:hf-to-gguf:blk.12.ffn_gate_shexp.weight,      torch.bfloat16 --> F16, shape = {2048, 512}
INFO:hf-to-gguf:blk.12.ffn_up_shexp.weight,        torch.bfloat16 --> F16, shape = {2048, 512}
INFO:hf-to-gguf:blk.12.ffn_gate_inp_shexp.weight,  torch.bfloat16 --> F32, shape = {2048, 1}
INFO:hf-to-gguf:blk.12.post_attention_norm.weight, torch.bfloat16 --> F32, shape = {2048}
INFO:hf-to-gguf:blk.13.attn_norm.weight,           torch.bfloat16 --> F32, shape = {2048}
INFO:hf-to-gguf:blk.13.ssm_a,                      torch.bfloat16 --> F32, shape = {32}
INFO:hf-to-gguf:blk.13.ssm_conv1d.weight,          torch.bfloat16 --> F32, shape = {4, 8192}
INFO:hf-to-gguf:blk.13.ssm_dt.bias,                torch.bfloat16 --> F32, shape = {32}
INFO:hf-to-gguf:blk.13.ssm_alpha.weight,           torch.bfloat16 --> F16, shape = {2048, 32}
INFO:hf-to-gguf:blk.13.ssm_beta.weight,            torch.bfloat16 --> F16, shape = {2048, 32}
INFO:hf-to-gguf:blk.13.ssm_norm.weight,            torch.bfloat16 --> F32, shape = {128}
INFO:hf-to-gguf:blk.13.ffn_gate_inp.weight,        torch.bfloat16 --> F32, shape = {2048, 256}
INFO:hf-to-gguf:blk.13.ffn_down_shexp.weight,      torch.bfloat16 --> F16, shape = {512, 2048}
INFO:hf-to-gguf:blk.13.ffn_gate_shexp.weight,      torch.bfloat16 --> F16, shape = {2048, 512}
INFO:hf-to-gguf:blk.13.ffn_up_shexp.weight,        torch.bfloat16 --> F16, shape = {2048, 512}
INFO:hf-to-gguf:blk.13.ffn_gate_inp_shexp.weight,  torch.bfloat16 --> F32, shape = {2048, 1}
INFO:hf-to-gguf:blk.13.post_attention_norm.weight, torch.bfloat16 --> F32, shape = {2048}
INFO:hf-to-gguf:blk.14.attn_qkv.weight,            torch.bfloat16 --> F16, shape = {2048, 8192}
INFO:hf-to-gguf:blk.14.attn_gate.weight,           torch.bfloat16 --> F16, shape = {2048, 4096}
INFO:hf-to-gguf:blk.14.ssm_out.weight,             torch.bfloat16 --> F16, shape = {4096, 2048}
INFO:hf-to-gguf:blk.14.ffn_down_exps.weight,       torch.bfloat16 --> F16, shape = {512, 2048, 256}
INFO:hf-to-gguf:blk.14.ffn_gate_exps.weight,       torch.bfloat16 --> F16, shape = {2048, 512, 256}
INFO:hf-to-gguf:blk.14.ffn_up_exps.weight,         torch.bfloat16 --> F16, shape = {2048, 512, 256}
INFO:hf-to-gguf:blk.15.ffn_gate_exps.weight,       torch.bfloat16 --> F16, shape = {2048, 512, 256}
INFO:hf-to-gguf:blk.15.ffn_up_exps.weight,         torch.bfloat16 --> F16, shape = {2048, 512, 256}
INFO:hf-to-gguf:blk.15.attn_k.weight,              torch.bfloat16 --> F16, shape = {2048, 512}
INFO:hf-to-gguf:blk.15.attn_output.weight,         torch.bfloat16 --> F16, shape = {4096, 2048}
INFO:hf-to-gguf:blk.15.attn_q.weight,              torch.bfloat16 --> F16, shape = {2048, 8192}
INFO:hf-to-gguf:blk.15.attn_v.weight,              torch.bfloat16 --> F16, shape = {2048, 512}
INFO:hf-to-gguf:blk.16.attn_qkv.weight,            torch.bfloat16 --> F16, shape = {2048, 8192}
INFO:hf-to-gguf:blk.16.attn_gate.weight,           torch.bfloat16 --> F16, shape = {2048, 4096}
INFO:hf-to-gguf:blk.16.ssm_out.weight,             torch.bfloat16 --> F16, shape = {4096, 2048}
INFO:hf-to-gguf:blk.16.ffn_gate_exps.weight,       torch.bfloat16 --> F16, shape = {2048, 512, 256}
INFO:hf-to-gguf:blk.16.ffn_up_exps.weight,         torch.bfloat16 --> F16, shape = {2048, 512, 256}
INFO:hf-to-gguf:blk.14.attn_norm.weight,           torch.bfloat16 --> F32, shape = {2048}
INFO:hf-to-gguf:blk.14.ssm_a,                      torch.bfloat16 --> F32, shape = {32}
INFO:hf-to-gguf:blk.14.ssm_conv1d.weight,          torch.bfloat16 --> F32, shape = {4, 8192}
INFO:hf-to-gguf:blk.14.ssm_dt.bias,                torch.bfloat16 --> F32, shape = {32}
INFO:hf-to-gguf:blk.14.ssm_alpha.weight,           torch.bfloat16 --> F16, shape = {2048, 32}
INFO:hf-to-gguf:blk.14.ssm_beta.weight,            torch.bfloat16 --> F16, shape = {2048, 32}
INFO:hf-to-gguf:blk.14.ssm_norm.weight,            torch.bfloat16 --> F32, shape = {128}
INFO:hf-to-gguf:blk.14.ffn_gate_inp.weight,        torch.bfloat16 --> F32, shape = {2048, 256}
INFO:hf-to-gguf:blk.14.ffn_down_shexp.weight,      torch.bfloat16 --> F16, shape = {512, 2048}
INFO:hf-to-gguf:blk.14.ffn_gate_shexp.weight,      torch.bfloat16 --> F16, shape = {2048, 512}
INFO:hf-to-gguf:blk.14.ffn_up_shexp.weight,        torch.bfloat16 --> F16, shape = {2048, 512}
INFO:hf-to-gguf:blk.14.ffn_gate_inp_shexp.weight,  torch.bfloat16 --> F32, shape = {2048, 1}
INFO:hf-to-gguf:blk.14.post_attention_norm.weight, torch.bfloat16 --> F32, shape = {2048}
INFO:hf-to-gguf:blk.15.attn_norm.weight,           torch.bfloat16 --> F32, shape = {2048}
INFO:hf-to-gguf:blk.15.ffn_down_exps.weight,       torch.bfloat16 --> F16, shape = {512, 2048, 256}
INFO:hf-to-gguf:blk.15.ffn_gate_inp.weight,        torch.bfloat16 --> F32, shape = {2048, 256}
INFO:hf-to-gguf:blk.15.ffn_down_shexp.weight,      torch.bfloat16 --> F16, shape = {512, 2048}
INFO:hf-to-gguf:blk.15.ffn_gate_shexp.weight,      torch.bfloat16 --> F16, shape = {2048, 512}
INFO:hf-to-gguf:blk.15.ffn_up_shexp.weight,        torch.bfloat16 --> F16, shape = {2048, 512}
INFO:hf-to-gguf:blk.15.ffn_gate_inp_shexp.weight,  torch.bfloat16 --> F32, shape = {2048, 1}
INFO:hf-to-gguf:blk.15.post_attention_norm.weight, torch.bfloat16 --> F32, shape = {2048}
INFO:hf-to-gguf:blk.15.attn_k_norm.weight,         torch.bfloat16 --> F32, shape = {256}
INFO:hf-to-gguf:blk.15.attn_q_norm.weight,         torch.bfloat16 --> F32, shape = {256}
INFO:hf-to-gguf:blk.16.attn_norm.weight,           torch.bfloat16 --> F32, shape = {2048}
INFO:hf-to-gguf:blk.16.ssm_a,                      torch.bfloat16 --> F32, shape = {32}
INFO:hf-to-gguf:blk.16.ssm_conv1d.weight,          torch.bfloat16 --> F32, shape = {4, 8192}
INFO:hf-to-gguf:blk.16.ssm_dt.bias,                torch.bfloat16 --> F32, shape = {32}
INFO:hf-to-gguf:blk.16.ssm_alpha.weight,           torch.bfloat16 --> F16, shape = {2048, 32}
INFO:hf-to-gguf:blk.16.ssm_beta.weight,            torch.bfloat16 --> F16, shape = {2048, 32}
INFO:hf-to-gguf:blk.16.ssm_norm.weight,            torch.bfloat16 --> F32, shape = {128}
INFO:hf-to-gguf:blk.16.ffn_down_exps.weight,       torch.bfloat16 --> F16, shape = {512, 2048, 256}
INFO:hf-to-gguf:blk.16.ffn_gate_inp.weight,        torch.bfloat16 --> F32, shape = {2048, 256}
INFO:hf-to-gguf:blk.16.ffn_down_shexp.weight,      torch.bfloat16 --> F16, shape = {512, 2048}
INFO:hf-to-gguf:blk.16.ffn_gate_shexp.weight,      torch.bfloat16 --> F16, shape = {2048, 512}
INFO:hf-to-gguf:blk.16.ffn_up_shexp.weight,        torch.bfloat16 --> F16, shape = {2048, 512}
INFO:hf-to-gguf:blk.16.ffn_gate_inp_shexp.weight,  torch.bfloat16 --> F32, shape = {2048, 1}
INFO:hf-to-gguf:blk.16.post_attention_norm.weight, torch.bfloat16 --> F32, shape = {2048}
INFO:hf-to-gguf:blk.17.attn_qkv.weight,            torch.bfloat16 --> F16, shape = {2048, 8192}
INFO:hf-to-gguf:blk.17.attn_gate.weight,           torch.bfloat16 --> F16, shape = {2048, 4096}
INFO:hf-to-gguf:blk.17.ssm_out.weight,             torch.bfloat16 --> F16, shape = {4096, 2048}
INFO:hf-to-gguf:blk.17.ffn_down_exps.weight,       torch.bfloat16 --> F16, shape = {512, 2048, 256}
INFO:hf-to-gguf:blk.17.ffn_gate_exps.weight,       torch.bfloat16 --> F16, shape = {2048, 512, 256}
INFO:hf-to-gguf:blk.17.ffn_up_exps.weight,         torch.bfloat16 --> F16, shape = {2048, 512, 256}
INFO:hf-to-gguf:blk.18.attn_qkv.weight,            torch.bfloat16 --> F16, shape = {2048, 8192}
INFO:hf-to-gguf:blk.18.attn_gate.weight,           torch.bfloat16 --> F16, shape = {2048, 4096}
INFO:hf-to-gguf:blk.18.ssm_out.weight,             torch.bfloat16 --> F16, shape = {4096, 2048}
INFO:hf-to-gguf:blk.18.ffn_down_exps.weight,       torch.bfloat16 --> F16, shape = {512, 2048, 256}
INFO:hf-to-gguf:blk.19.ffn_gate_exps.weight,       torch.bfloat16 --> F16, shape = {2048, 512, 256}
INFO:hf-to-gguf:blk.19.ffn_up_exps.weight,         torch.bfloat16 --> F16, shape = {2048, 512, 256}
INFO:hf-to-gguf:blk.19.attn_k.weight,              torch.bfloat16 --> F16, shape = {2048, 512}
INFO:hf-to-gguf:blk.19.attn_output.weight,         torch.bfloat16 --> F16, shape = {4096, 2048}
INFO:hf-to-gguf:blk.19.attn_q.weight,              torch.bfloat16 --> F16, shape = {2048, 8192}
INFO:hf-to-gguf:blk.19.attn_v.weight,              torch.bfloat16 --> F16, shape = {2048, 512}
INFO:hf-to-gguf:blk.17.attn_norm.weight,           torch.bfloat16 --> F32, shape = {2048}
INFO:hf-to-gguf:blk.17.ssm_a,                      torch.bfloat16 --> F32, shape = {32}
INFO:hf-to-gguf:blk.17.ssm_conv1d.weight,          torch.bfloat16 --> F32, shape = {4, 8192}
INFO:hf-to-gguf:blk.17.ssm_dt.bias,                torch.bfloat16 --> F32, shape = {32}
INFO:hf-to-gguf:blk.17.ssm_alpha.weight,           torch.bfloat16 --> F16, shape = {2048, 32}
INFO:hf-to-gguf:blk.17.ssm_beta.weight,            torch.bfloat16 --> F16, shape = {2048, 32}
INFO:hf-to-gguf:blk.17.ssm_norm.weight,            torch.bfloat16 --> F32, shape = {128}
INFO:hf-to-gguf:blk.17.ffn_gate_inp.weight,        torch.bfloat16 --> F32, shape = {2048, 256}
INFO:hf-to-gguf:blk.17.ffn_down_shexp.weight,      torch.bfloat16 --> F16, shape = {512, 2048}
INFO:hf-to-gguf:blk.17.ffn_gate_shexp.weight,      torch.bfloat16 --> F16, shape = {2048, 512}
INFO:hf-to-gguf:blk.17.ffn_up_shexp.weight,        torch.bfloat16 --> F16, shape = {2048, 512}
INFO:hf-to-gguf:blk.17.ffn_gate_inp_shexp.weight,  torch.bfloat16 --> F32, shape = {2048, 1}
INFO:hf-to-gguf:blk.17.post_attention_norm.weight, torch.bfloat16 --> F32, shape = {2048}
INFO:hf-to-gguf:blk.18.attn_norm.weight,           torch.bfloat16 --> F32, shape = {2048}
INFO:hf-to-gguf:blk.18.ssm_a,                      torch.bfloat16 --> F32, shape = {32}
INFO:hf-to-gguf:blk.18.ssm_conv1d.weight,          torch.bfloat16 --> F32, shape = {4, 8192}
INFO:hf-to-gguf:blk.18.ssm_dt.bias,                torch.bfloat16 --> F32, shape = {32}
INFO:hf-to-gguf:blk.18.ssm_alpha.weight,           torch.bfloat16 --> F16, shape = {2048, 32}
INFO:hf-to-gguf:blk.18.ssm_beta.weight,            torch.bfloat16 --> F16, shape = {2048, 32}
INFO:hf-to-gguf:blk.18.ssm_norm.weight,            torch.bfloat16 --> F32, shape = {128}
INFO:hf-to-gguf:blk.18.ffn_gate_exps.weight,       torch.bfloat16 --> F16, shape = {2048, 512, 256}
INFO:hf-to-gguf:blk.18.ffn_up_exps.weight,         torch.bfloat16 --> F16, shape = {2048, 512, 256}
INFO:hf-to-gguf:blk.18.ffn_gate_inp.weight,        torch.bfloat16 --> F32, shape = {2048, 256}
INFO:hf-to-gguf:blk.18.ffn_down_shexp.weight,      torch.bfloat16 --> F16, shape = {512, 2048}
INFO:hf-to-gguf:blk.18.ffn_gate_shexp.weight,      torch.bfloat16 --> F16, shape = {2048, 512}
INFO:hf-to-gguf:blk.18.ffn_up_shexp.weight,        torch.bfloat16 --> F16, shape = {2048, 512}
INFO:hf-to-gguf:blk.18.ffn_gate_inp_shexp.weight,  torch.bfloat16 --> F32, shape = {2048, 1}
INFO:hf-to-gguf:blk.18.post_attention_norm.weight, torch.bfloat16 --> F32, shape = {2048}
INFO:hf-to-gguf:blk.19.attn_norm.weight,           torch.bfloat16 --> F32, shape = {2048}
INFO:hf-to-gguf:blk.19.ffn_down_exps.weight,       torch.bfloat16 --> F16, shape = {512, 2048, 256}
INFO:hf-to-gguf:blk.19.ffn_gate_inp.weight,        torch.bfloat16 --> F32, shape = {2048, 256}
INFO:hf-to-gguf:blk.19.ffn_down_shexp.weight,      torch.bfloat16 --> F16, shape = {512, 2048}
INFO:hf-to-gguf:blk.19.ffn_gate_shexp.weight,      torch.bfloat16 --> F16, shape = {2048, 512}
INFO:hf-to-gguf:blk.19.ffn_up_shexp.weight,        torch.bfloat16 --> F16, shape = {2048, 512}
INFO:hf-to-gguf:blk.19.ffn_gate_inp_shexp.weight,  torch.bfloat16 --> F32, shape = {2048, 1}
INFO:hf-to-gguf:blk.19.post_attention_norm.weight, torch.bfloat16 --> F32, shape = {2048}
INFO:hf-to-gguf:blk.19.attn_k_norm.weight,         torch.bfloat16 --> F32, shape = {256}
INFO:hf-to-gguf:blk.19.attn_q_norm.weight,         torch.bfloat16 --> F32, shape = {256}
INFO:hf-to-gguf:blk.20.attn_qkv.weight,            torch.bfloat16 --> F16, shape = {2048, 8192}
INFO:hf-to-gguf:blk.20.attn_gate.weight,           torch.bfloat16 --> F16, shape = {2048, 4096}
INFO:hf-to-gguf:blk.20.ssm_out.weight,             torch.bfloat16 --> F16, shape = {4096, 2048}
INFO:hf-to-gguf:blk.20.ffn_down_exps.weight,       torch.bfloat16 --> F16, shape = {512, 2048, 256}
INFO:hf-to-gguf:blk.20.ffn_gate_exps.weight,       torch.bfloat16 --> F16, shape = {2048, 512, 256}
INFO:hf-to-gguf:blk.20.ffn_up_exps.weight,         torch.bfloat16 --> F16, shape = {2048, 512, 256}
INFO:hf-to-gguf:blk.21.attn_qkv.weight,            torch.bfloat16 --> F16, shape = {2048, 8192}
INFO:hf-to-gguf:blk.21.attn_gate.weight,           torch.bfloat16 --> F16, shape = {2048, 4096}
INFO:hf-to-gguf:blk.21.ssm_out.weight,             torch.bfloat16 --> F16, shape = {4096, 2048}
INFO:hf-to-gguf:blk.21.ffn_down_exps.weight,       torch.bfloat16 --> F16, shape = {512, 2048, 256}
INFO:hf-to-gguf:blk.22.attn_qkv.weight,            torch.bfloat16 --> F16, shape = {2048, 8192}
INFO:hf-to-gguf:blk.22.attn_gate.weight,           torch.bfloat16 --> F16, shape = {2048, 4096}
INFO:hf-to-gguf:blk.22.ssm_out.weight,             torch.bfloat16 --> F16, shape = {4096, 2048}
INFO:hf-to-gguf:blk.22.ffn_gate_exps.weight,       torch.bfloat16 --> F16, shape = {2048, 512, 256}
INFO:hf-to-gguf:blk.22.ffn_up_exps.weight,         torch.bfloat16 --> F16, shape = {2048, 512, 256}
INFO:hf-to-gguf:blk.20.attn_norm.weight,           torch.bfloat16 --> F32, shape = {2048}
INFO:hf-to-gguf:blk.20.ssm_a,                      torch.bfloat16 --> F32, shape = {32}
INFO:hf-to-gguf:blk.20.ssm_conv1d.weight,          torch.bfloat16 --> F32, shape = {4, 8192}
INFO:hf-to-gguf:blk.20.ssm_dt.bias,                torch.bfloat16 --> F32, shape = {32}
INFO:hf-to-gguf:blk.20.ssm_alpha.weight,           torch.bfloat16 --> F16, shape = {2048, 32}
INFO:hf-to-gguf:blk.20.ssm_beta.weight,            torch.bfloat16 --> F16, shape = {2048, 32}
INFO:hf-to-gguf:blk.20.ssm_norm.weight,            torch.bfloat16 --> F32, shape = {128}
INFO:hf-to-gguf:blk.20.ffn_gate_inp.weight,        torch.bfloat16 --> F32, shape = {2048, 256}
INFO:hf-to-gguf:blk.20.ffn_down_shexp.weight,      torch.bfloat16 --> F16, shape = {512, 2048}
INFO:hf-to-gguf:blk.20.ffn_gate_shexp.weight,      torch.bfloat16 --> F16, shape = {2048, 512}
INFO:hf-to-gguf:blk.20.ffn_up_shexp.weight,        torch.bfloat16 --> F16, shape = {2048, 512}
INFO:hf-to-gguf:blk.20.ffn_gate_inp_shexp.weight,  torch.bfloat16 --> F32, shape = {2048, 1}
INFO:hf-to-gguf:blk.20.post_attention_norm.weight, torch.bfloat16 --> F32, shape = {2048}
INFO:hf-to-gguf:blk.21.attn_norm.weight,           torch.bfloat16 --> F32, shape = {2048}
INFO:hf-to-gguf:blk.21.ssm_a,                      torch.bfloat16 --> F32, shape = {32}
INFO:hf-to-gguf:blk.21.ssm_conv1d.weight,          torch.bfloat16 --> F32, shape = {4, 8192}
INFO:hf-to-gguf:blk.21.ssm_dt.bias,                torch.bfloat16 --> F32, shape = {32}
INFO:hf-to-gguf:blk.21.ssm_alpha.weight,           torch.bfloat16 --> F16, shape = {2048, 32}
INFO:hf-to-gguf:blk.21.ssm_beta.weight,            torch.bfloat16 --> F16, shape = {2048, 32}
INFO:hf-to-gguf:blk.21.ssm_norm.weight,            torch.bfloat16 --> F32, shape = {128}
INFO:hf-to-gguf:blk.21.ffn_gate_exps.weight,       torch.bfloat16 --> F16, shape = {2048, 512, 256}
INFO:hf-to-gguf:blk.21.ffn_up_exps.weight,         torch.bfloat16 --> F16, shape = {2048, 512, 256}
INFO:hf-to-gguf:blk.21.ffn_gate_inp.weight,        torch.bfloat16 --> F32, shape = {2048, 256}
INFO:hf-to-gguf:blk.21.ffn_down_shexp.weight,      torch.bfloat16 --> F16, shape = {512, 2048}
INFO:hf-to-gguf:blk.21.ffn_gate_shexp.weight,      torch.bfloat16 --> F16, shape = {2048, 512}
INFO:hf-to-gguf:blk.21.ffn_up_shexp.weight,        torch.bfloat16 --> F16, shape = {2048, 512}
INFO:hf-to-gguf:blk.21.ffn_gate_inp_shexp.weight,  torch.bfloat16 --> F32, shape = {2048, 1}
INFO:hf-to-gguf:blk.21.post_attention_norm.weight, torch.bfloat16 --> F32, shape = {2048}
INFO:hf-to-gguf:blk.22.attn_norm.weight,           torch.bfloat16 --> F32, shape = {2048}
INFO:hf-to-gguf:blk.22.ssm_a,                      torch.bfloat16 --> F32, shape = {32}
INFO:hf-to-gguf:blk.22.ssm_conv1d.weight,          torch.bfloat16 --> F32, shape = {4, 8192}
INFO:hf-to-gguf:blk.22.ssm_dt.bias,                torch.bfloat16 --> F32, shape = {32}
INFO:hf-to-gguf:blk.22.ssm_alpha.weight,           torch.bfloat16 --> F16, shape = {2048, 32}
INFO:hf-to-gguf:blk.22.ssm_beta.weight,            torch.bfloat16 --> F16, shape = {2048, 32}
INFO:hf-to-gguf:blk.22.ssm_norm.weight,            torch.bfloat16 --> F32, shape = {128}
INFO:hf-to-gguf:blk.22.ffn_down_exps.weight,       torch.bfloat16 --> F16, shape = {512, 2048, 256}
INFO:hf-to-gguf:blk.22.ffn_gate_inp.weight,        torch.bfloat16 --> F32, shape = {2048, 256}
INFO:hf-to-gguf:blk.22.ffn_down_shexp.weight,      torch.bfloat16 --> F16, shape = {512, 2048}
INFO:hf-to-gguf:blk.22.ffn_gate_shexp.weight,      torch.bfloat16 --> F16, shape = {2048, 512}
INFO:hf-to-gguf:blk.22.ffn_up_shexp.weight,        torch.bfloat16 --> F16, shape = {2048, 512}
INFO:hf-to-gguf:blk.22.ffn_gate_inp_shexp.weight,  torch.bfloat16 --> F32, shape = {2048, 1}
INFO:hf-to-gguf:blk.22.post_attention_norm.weight, torch.bfloat16 --> F32, shape = {2048}
INFO:hf-to-gguf:blk.23.ffn_down_exps.weight,       torch.bfloat16 --> F16, shape = {512, 2048, 256}
INFO:hf-to-gguf:blk.23.ffn_gate_exps.weight,       torch.bfloat16 --> F16, shape = {2048, 512, 256}
INFO:hf-to-gguf:blk.23.ffn_up_exps.weight,         torch.bfloat16 --> F16, shape = {2048, 512, 256}
INFO:hf-to-gguf:blk.23.attn_k.weight,              torch.bfloat16 --> F16, shape = {2048, 512}
INFO:hf-to-gguf:blk.23.attn_output.weight,         torch.bfloat16 --> F16, shape = {4096, 2048}
INFO:hf-to-gguf:blk.23.attn_q.weight,              torch.bfloat16 --> F16, shape = {2048, 8192}
INFO:hf-to-gguf:blk.23.attn_v.weight,              torch.bfloat16 --> F16, shape = {2048, 512}
INFO:hf-to-gguf:blk.24.attn_qkv.weight,            torch.bfloat16 --> F16, shape = {2048, 8192}
INFO:hf-to-gguf:blk.24.attn_gate.weight,           torch.bfloat16 --> F16, shape = {2048, 4096}
INFO:hf-to-gguf:blk.24.ssm_out.weight,             torch.bfloat16 --> F16, shape = {4096, 2048}
INFO:hf-to-gguf:blk.24.ffn_down_exps.weight,       torch.bfloat16 --> F16, shape = {512, 2048, 256}
INFO:hf-to-gguf:blk.24.ffn_gate_exps.weight,       torch.bfloat16 --> F16, shape = {2048, 512, 256}
INFO:hf-to-gguf:blk.24.ffn_up_exps.weight,         torch.bfloat16 --> F16, shape = {2048, 512, 256}
INFO:hf-to-gguf:blk.25.attn_qkv.weight,            torch.bfloat16 --> F16, shape = {2048, 8192}
INFO:hf-to-gguf:blk.25.attn_gate.weight,           torch.bfloat16 --> F16, shape = {2048, 4096}
INFO:hf-to-gguf:blk.25.ssm_out.weight,             torch.bfloat16 --> F16, shape = {4096, 2048}
INFO:hf-to-gguf:blk.25.ffn_down_exps.weight,       torch.bfloat16 --> F16, shape = {512, 2048, 256}
INFO:hf-to-gguf:blk.23.attn_norm.weight,           torch.bfloat16 --> F32, shape = {2048}
INFO:hf-to-gguf:blk.23.ffn_gate_inp.weight,        torch.bfloat16 --> F32, shape = {2048, 256}
INFO:hf-to-gguf:blk.23.ffn_down_shexp.weight,      torch.bfloat16 --> F16, shape = {512, 2048}
INFO:hf-to-gguf:blk.23.ffn_gate_shexp.weight,      torch.bfloat16 --> F16, shape = {2048, 512}
INFO:hf-to-gguf:blk.23.ffn_up_shexp.weight,        torch.bfloat16 --> F16, shape = {2048, 512}
INFO:hf-to-gguf:blk.23.ffn_gate_inp_shexp.weight,  torch.bfloat16 --> F32, shape = {2048, 1}
INFO:hf-to-gguf:blk.23.post_attention_norm.weight, torch.bfloat16 --> F32, shape = {2048}
INFO:hf-to-gguf:blk.23.attn_k_norm.weight,         torch.bfloat16 --> F32, shape = {256}
INFO:hf-to-gguf:blk.23.attn_q_norm.weight,         torch.bfloat16 --> F32, shape = {256}
INFO:hf-to-gguf:blk.24.attn_norm.weight,           torch.bfloat16 --> F32, shape = {2048}
INFO:hf-to-gguf:blk.24.ssm_a,                      torch.bfloat16 --> F32, shape = {32}
INFO:hf-to-gguf:blk.24.ssm_conv1d.weight,          torch.bfloat16 --> F32, shape = {4, 8192}
INFO:hf-to-gguf:blk.24.ssm_dt.bias,                torch.bfloat16 --> F32, shape = {32}
INFO:hf-to-gguf:blk.24.ssm_alpha.weight,           torch.bfloat16 --> F16, shape = {2048, 32}
INFO:hf-to-gguf:blk.24.ssm_beta.weight,            torch.bfloat16 --> F16, shape = {2048, 32}
INFO:hf-to-gguf:blk.24.ssm_norm.weight,            torch.bfloat16 --> F32, shape = {128}
INFO:hf-to-gguf:blk.24.ffn_gate_inp.weight,        torch.bfloat16 --> F32, shape = {2048, 256}
INFO:hf-to-gguf:blk.24.ffn_down_shexp.weight,      torch.bfloat16 --> F16, shape = {512, 2048}
INFO:hf-to-gguf:blk.24.ffn_gate_shexp.weight,      torch.bfloat16 --> F16, shape = {2048, 512}
INFO:hf-to-gguf:blk.24.ffn_up_shexp.weight,        torch.bfloat16 --> F16, shape = {2048, 512}
INFO:hf-to-gguf:blk.24.ffn_gate_inp_shexp.weight,  torch.bfloat16 --> F32, shape = {2048, 1}
INFO:hf-to-gguf:blk.24.post_attention_norm.weight, torch.bfloat16 --> F32, shape = {2048}
INFO:hf-to-gguf:blk.25.attn_norm.weight,           torch.bfloat16 --> F32, shape = {2048}
INFO:hf-to-gguf:blk.25.ssm_a,                      torch.bfloat16 --> F32, shape = {32}
INFO:hf-to-gguf:blk.25.ssm_conv1d.weight,          torch.bfloat16 --> F32, shape = {4, 8192}
INFO:hf-to-gguf:blk.25.ssm_dt.bias,                torch.bfloat16 --> F32, shape = {32}
INFO:hf-to-gguf:blk.25.ssm_alpha.weight,           torch.bfloat16 --> F16, shape = {2048, 32}
INFO:hf-to-gguf:blk.25.ssm_beta.weight,            torch.bfloat16 --> F16, shape = {2048, 32}
INFO:hf-to-gguf:blk.25.ssm_norm.weight,            torch.bfloat16 --> F32, shape = {128}
INFO:hf-to-gguf:blk.25.ffn_gate_exps.weight,       torch.bfloat16 --> F16, shape = {2048, 512, 256}
INFO:hf-to-gguf:blk.25.ffn_up_exps.weight,         torch.bfloat16 --> F16, shape = {2048, 512, 256}
INFO:hf-to-gguf:blk.25.ffn_gate_inp.weight,        torch.bfloat16 --> F32, shape = {2048, 256}
INFO:hf-to-gguf:blk.25.ffn_down_shexp.weight,      torch.bfloat16 --> F16, shape = {512, 2048}
INFO:hf-to-gguf:blk.25.ffn_gate_shexp.weight,      torch.bfloat16 --> F16, shape = {2048, 512}
INFO:hf-to-gguf:blk.25.ffn_up_shexp.weight,        torch.bfloat16 --> F16, shape = {2048, 512}
INFO:hf-to-gguf:blk.25.ffn_gate_inp_shexp.weight,  torch.bfloat16 --> F32, shape = {2048, 1}
INFO:hf-to-gguf:blk.25.post_attention_norm.weight, torch.bfloat16 --> F32, shape = {2048}
INFO:hf-to-gguf:blk.26.attn_qkv.weight,            torch.bfloat16 --> F16, shape = {2048, 8192}
INFO:hf-to-gguf:blk.26.attn_gate.weight,           torch.bfloat16 --> F16, shape = {2048, 4096}
INFO:hf-to-gguf:blk.26.ssm_out.weight,             torch.bfloat16 --> F16, shape = {4096, 2048}
INFO:hf-to-gguf:blk.26.ffn_gate_exps.weight,       torch.bfloat16 --> F16, shape = {2048, 512, 256}
INFO:hf-to-gguf:blk.26.ffn_up_exps.weight,         torch.bfloat16 --> F16, shape = {2048, 512, 256}
INFO:hf-to-gguf:blk.27.ffn_gate_exps.weight,       torch.bfloat16 --> F16, shape = {2048, 512, 256}
INFO:hf-to-gguf:blk.27.ffn_up_exps.weight,         torch.bfloat16 --> F16, shape = {2048, 512, 256}
INFO:hf-to-gguf:blk.27.attn_k.weight,              torch.bfloat16 --> F16, shape = {2048, 512}
INFO:hf-to-gguf:blk.27.attn_output.weight,         torch.bfloat16 --> F16, shape = {4096, 2048}
INFO:hf-to-gguf:blk.27.attn_q.weight,              torch.bfloat16 --> F16, shape = {2048, 8192}
INFO:hf-to-gguf:blk.27.attn_v.weight,              torch.bfloat16 --> F16, shape = {2048, 512}
INFO:hf-to-gguf:blk.28.attn_qkv.weight,            torch.bfloat16 --> F16, shape = {2048, 8192}
INFO:hf-to-gguf:blk.28.attn_gate.weight,           torch.bfloat16 --> F16, shape = {2048, 4096}
INFO:hf-to-gguf:blk.28.ssm_out.weight,             torch.bfloat16 --> F16, shape = {4096, 2048}
INFO:hf-to-gguf:blk.28.ffn_down_exps.weight,       torch.bfloat16 --> F16, shape = {512, 2048, 256}
INFO:hf-to-gguf:blk.28.ffn_gate_exps.weight,       torch.bfloat16 --> F16, shape = {2048, 512, 256}
INFO:hf-to-gguf:blk.28.ffn_up_exps.weight,         torch.bfloat16 --> F16, shape = {2048, 512, 256}
INFO:hf-to-gguf:blk.26.attn_norm.weight,           torch.bfloat16 --> F32, shape = {2048}
INFO:hf-to-gguf:blk.26.ssm_a,                      torch.bfloat16 --> F32, shape = {32}
INFO:hf-to-gguf:blk.26.ssm_conv1d.weight,          torch.bfloat16 --> F32, shape = {4, 8192}
INFO:hf-to-gguf:blk.26.ssm_dt.bias,                torch.bfloat16 --> F32, shape = {32}
INFO:hf-to-gguf:blk.26.ssm_alpha.weight,           torch.bfloat16 --> F16, shape = {2048, 32}
INFO:hf-to-gguf:blk.26.ssm_beta.weight,            torch.bfloat16 --> F16, shape = {2048, 32}
INFO:hf-to-gguf:blk.26.ssm_norm.weight,            torch.bfloat16 --> F32, shape = {128}
INFO:hf-to-gguf:blk.26.ffn_down_exps.weight,       torch.bfloat16 --> F16, shape = {512, 2048, 256}
INFO:hf-to-gguf:blk.26.ffn_gate_inp.weight,        torch.bfloat16 --> F32, shape = {2048, 256}
INFO:hf-to-gguf:blk.26.ffn_down_shexp.weight,      torch.bfloat16 --> F16, shape = {512, 2048}
INFO:hf-to-gguf:blk.26.ffn_gate_shexp.weight,      torch.bfloat16 --> F16, shape = {2048, 512}
INFO:hf-to-gguf:blk.26.ffn_up_shexp.weight,        torch.bfloat16 --> F16, shape = {2048, 512}
INFO:hf-to-gguf:blk.26.ffn_gate_inp_shexp.weight,  torch.bfloat16 --> F32, shape = {2048, 1}
INFO:hf-to-gguf:blk.26.post_attention_norm.weight, torch.bfloat16 --> F32, shape = {2048}
INFO:hf-to-gguf:blk.27.attn_norm.weight,           torch.bfloat16 --> F32, shape = {2048}
INFO:hf-to-gguf:blk.27.ffn_down_exps.weight,       torch.bfloat16 --> F16, shape = {512, 2048, 256}
INFO:hf-to-gguf:blk.27.ffn_gate_inp.weight,        torch.bfloat16 --> F32, shape = {2048, 256}
INFO:hf-to-gguf:blk.27.ffn_down_shexp.weight,      torch.bfloat16 --> F16, shape = {512, 2048}
INFO:hf-to-gguf:blk.27.ffn_gate_shexp.weight,      torch.bfloat16 --> F16, shape = {2048, 512}
INFO:hf-to-gguf:blk.27.ffn_up_shexp.weight,        torch.bfloat16 --> F16, shape = {2048, 512}
INFO:hf-to-gguf:blk.27.ffn_gate_inp_shexp.weight,  torch.bfloat16 --> F32, shape = {2048, 1}
INFO:hf-to-gguf:blk.27.post_attention_norm.weight, torch.bfloat16 --> F32, shape = {2048}
INFO:hf-to-gguf:blk.27.attn_k_norm.weight,         torch.bfloat16 --> F32, shape = {256}
INFO:hf-to-gguf:blk.27.attn_q_norm.weight,         torch.bfloat16 --> F32, shape = {256}
INFO:hf-to-gguf:blk.28.attn_norm.weight,           torch.bfloat16 --> F32, shape = {2048}
INFO:hf-to-gguf:blk.28.ssm_a,                      torch.bfloat16 --> F32, shape = {32}
INFO:hf-to-gguf:blk.28.ssm_conv1d.weight,          torch.bfloat16 --> F32, shape = {4, 8192}
INFO:hf-to-gguf:blk.28.ssm_dt.bias,                torch.bfloat16 --> F32, shape = {32}
INFO:hf-to-gguf:blk.28.ssm_alpha.weight,           torch.bfloat16 --> F16, shape = {2048, 32}
INFO:hf-to-gguf:blk.28.ssm_beta.weight,            torch.bfloat16 --> F16, shape = {2048, 32}
INFO:hf-to-gguf:blk.28.ssm_norm.weight,            torch.bfloat16 --> F32, shape = {128}
INFO:hf-to-gguf:blk.28.ffn_gate_inp.weight,        torch.bfloat16 --> F32, shape = {2048, 256}
INFO:hf-to-gguf:blk.28.ffn_down_shexp.weight,      torch.bfloat16 --> F16, shape = {512, 2048}
INFO:hf-to-gguf:blk.28.ffn_gate_shexp.weight,      torch.bfloat16 --> F16, shape = {2048, 512}
INFO:hf-to-gguf:blk.28.ffn_up_shexp.weight,        torch.bfloat16 --> F16, shape = {2048, 512}
INFO:hf-to-gguf:blk.28.ffn_gate_inp_shexp.weight,  torch.bfloat16 --> F32, shape = {2048, 1}
INFO:hf-to-gguf:blk.28.post_attention_norm.weight, torch.bfloat16 --> F32, shape = {2048}
INFO:hf-to-gguf:blk.29.attn_qkv.weight,            torch.bfloat16 --> F16, shape = {2048, 8192}
INFO:hf-to-gguf:blk.29.attn_gate.weight,           torch.bfloat16 --> F16, shape = {2048, 4096}
INFO:hf-to-gguf:blk.29.ssm_out.weight,             torch.bfloat16 --> F16, shape = {4096, 2048}
INFO:hf-to-gguf:blk.29.ffn_down_exps.weight,       torch.bfloat16 --> F16, shape = {512, 2048, 256}
INFO:hf-to-gguf:blk.30.attn_qkv.weight,            torch.bfloat16 --> F16, shape = {2048, 8192}
INFO:hf-to-gguf:blk.30.attn_gate.weight,           torch.bfloat16 --> F16, shape = {2048, 4096}
INFO:hf-to-gguf:blk.30.ssm_out.weight,             torch.bfloat16 --> F16, shape = {4096, 2048}
INFO:hf-to-gguf:blk.30.ffn_gate_exps.weight,       torch.bfloat16 --> F16, shape = {2048, 512, 256}
INFO:hf-to-gguf:blk.30.ffn_up_exps.weight,         torch.bfloat16 --> F16, shape = {2048, 512, 256}
INFO:hf-to-gguf:blk.31.ffn_down_exps.weight,       torch.bfloat16 --> F16, shape = {512, 2048, 256}
INFO:hf-to-gguf:blk.31.ffn_gate_exps.weight,       torch.bfloat16 --> F16, shape = {2048, 512, 256}
INFO:hf-to-gguf:blk.31.ffn_up_exps.weight,         torch.bfloat16 --> F16, shape = {2048, 512, 256}
INFO:hf-to-gguf:blk.31.attn_k.weight,              torch.bfloat16 --> F16, shape = {2048, 512}
INFO:hf-to-gguf:blk.31.attn_output.weight,         torch.bfloat16 --> F16, shape = {4096, 2048}
INFO:hf-to-gguf:blk.31.attn_q.weight,              torch.bfloat16 --> F16, shape = {2048, 8192}
INFO:hf-to-gguf:blk.31.attn_v.weight,              torch.bfloat16 --> F16, shape = {2048, 512}
INFO:hf-to-gguf:blk.29.attn_norm.weight,           torch.bfloat16 --> F32, shape = {2048}
INFO:hf-to-gguf:blk.29.ssm_a,                      torch.bfloat16 --> F32, shape = {32}
INFO:hf-to-gguf:blk.29.ssm_conv1d.weight,          torch.bfloat16 --> F32, shape = {4, 8192}
INFO:hf-to-gguf:blk.29.ssm_dt.bias,                torch.bfloat16 --> F32, shape = {32}
INFO:hf-to-gguf:blk.29.ssm_alpha.weight,           torch.bfloat16 --> F16, shape = {2048, 32}
INFO:hf-to-gguf:blk.29.ssm_beta.weight,            torch.bfloat16 --> F16, shape = {2048, 32}
INFO:hf-to-gguf:blk.29.ssm_norm.weight,            torch.bfloat16 --> F32, shape = {128}
INFO:hf-to-gguf:blk.29.ffn_gate_exps.weight,       torch.bfloat16 --> F16, shape = {2048, 512, 256}
INFO:hf-to-gguf:blk.29.ffn_up_exps.weight,         torch.bfloat16 --> F16, shape = {2048, 512, 256}
INFO:hf-to-gguf:blk.29.ffn_gate_inp.weight,        torch.bfloat16 --> F32, shape = {2048, 256}
INFO:hf-to-gguf:blk.29.ffn_down_shexp.weight,      torch.bfloat16 --> F16, shape = {512, 2048}
INFO:hf-to-gguf:blk.29.ffn_gate_shexp.weight,      torch.bfloat16 --> F16, shape = {2048, 512}
INFO:hf-to-gguf:blk.29.ffn_up_shexp.weight,        torch.bfloat16 --> F16, shape = {2048, 512}
INFO:hf-to-gguf:blk.29.ffn_gate_inp_shexp.weight,  torch.bfloat16 --> F32, shape = {2048, 1}
INFO:hf-to-gguf:blk.29.post_attention_norm.weight, torch.bfloat16 --> F32, shape = {2048}
INFO:hf-to-gguf:blk.30.attn_norm.weight,           torch.bfloat16 --> F32, shape = {2048}
INFO:hf-to-gguf:blk.30.ssm_a,                      torch.bfloat16 --> F32, shape = {32}
INFO:hf-to-gguf:blk.30.ssm_conv1d.weight,          torch.bfloat16 --> F32, shape = {4, 8192}
INFO:hf-to-gguf:blk.30.ssm_dt.bias,                torch.bfloat16 --> F32, shape = {32}
INFO:hf-to-gguf:blk.30.ssm_alpha.weight,           torch.bfloat16 --> F16, shape = {2048, 32}
INFO:hf-to-gguf:blk.30.ssm_beta.weight,            torch.bfloat16 --> F16, shape = {2048, 32}
INFO:hf-to-gguf:blk.30.ssm_norm.weight,            torch.bfloat16 --> F32, shape = {128}
INFO:hf-to-gguf:blk.30.ffn_down_exps.weight,       torch.bfloat16 --> F16, shape = {512, 2048, 256}
INFO:hf-to-gguf:blk.30.ffn_gate_inp.weight,        torch.bfloat16 --> F32, shape = {2048, 256}
INFO:hf-to-gguf:blk.30.ffn_down_shexp.weight,      torch.bfloat16 --> F16, shape = {512, 2048}
INFO:hf-to-gguf:blk.30.ffn_gate_shexp.weight,      torch.bfloat16 --> F16, shape = {2048, 512}
INFO:hf-to-gguf:blk.30.ffn_up_shexp.weight,        torch.bfloat16 --> F16, shape = {2048, 512}
INFO:hf-to-gguf:blk.30.ffn_gate_inp_shexp.weight,  torch.bfloat16 --> F32, shape = {2048, 1}
INFO:hf-to-gguf:blk.30.post_attention_norm.weight, torch.bfloat16 --> F32, shape = {2048}
INFO:hf-to-gguf:blk.31.attn_norm.weight,           torch.bfloat16 --> F32, shape = {2048}
INFO:hf-to-gguf:blk.31.ffn_gate_inp.weight,        torch.bfloat16 --> F32, shape = {2048, 256}
INFO:hf-to-gguf:blk.31.ffn_down_shexp.weight,      torch.bfloat16 --> F16, shape = {512, 2048}
INFO:hf-to-gguf:blk.31.ffn_gate_shexp.weight,      torch.bfloat16 --> F16, shape = {2048, 512}
INFO:hf-to-gguf:blk.31.ffn_up_shexp.weight,        torch.bfloat16 --> F16, shape = {2048, 512}
INFO:hf-to-gguf:blk.31.ffn_gate_inp_shexp.weight,  torch.bfloat16 --> F32, shape = {2048, 1}
INFO:hf-to-gguf:blk.31.post_attention_norm.weight, torch.bfloat16 --> F32, shape = {2048}
INFO:hf-to-gguf:blk.31.attn_k_norm.weight,         torch.bfloat16 --> F32, shape = {256}
INFO:hf-to-gguf:blk.31.attn_q_norm.weight,         torch.bfloat16 --> F32, shape = {256}
INFO:hf-to-gguf:blk.32.attn_norm.weight,           torch.bfloat16 --> F32, shape = {2048}
INFO:hf-to-gguf:blk.32.ssm_a,                      torch.bfloat16 --> F32, shape = {32}
INFO:hf-to-gguf:blk.32.ssm_conv1d.weight,          torch.bfloat16 --> F32, shape = {4, 8192}
INFO:hf-to-gguf:blk.32.ssm_dt.bias,                torch.bfloat16 --> F32, shape = {32}
INFO:hf-to-gguf:blk.32.ssm_alpha.weight,           torch.bfloat16 --> F16, shape = {2048, 32}
INFO:hf-to-gguf:blk.32.ssm_beta.weight,            torch.bfloat16 --> F16, shape = {2048, 32}
INFO:hf-to-gguf:blk.32.attn_qkv.weight,            torch.bfloat16 --> F16, shape = {2048, 8192}
INFO:hf-to-gguf:blk.32.attn_gate.weight,           torch.bfloat16 --> F16, shape = {2048, 4096}
INFO:hf-to-gguf:blk.32.ssm_norm.weight,            torch.bfloat16 --> F32, shape = {128}
INFO:hf-to-gguf:blk.32.ssm_out.weight,             torch.bfloat16 --> F16, shape = {4096, 2048}
INFO:hf-to-gguf:blk.32.ffn_down_exps.weight,       torch.bfloat16 --> F16, shape = {512, 2048, 256}
INFO:hf-to-gguf:blk.32.ffn_gate_exps.weight,       torch.bfloat16 --> F16, shape = {2048, 512, 256}
INFO:hf-to-gguf:blk.32.ffn_up_exps.weight,         torch.bfloat16 --> F16, shape = {2048, 512, 256}
INFO:hf-to-gguf:blk.32.ffn_gate_inp.weight,        torch.bfloat16 --> F32, shape = {2048, 256}
INFO:hf-to-gguf:blk.32.ffn_down_shexp.weight,      torch.bfloat16 --> F16, shape = {512, 2048}
INFO:hf-to-gguf:blk.32.ffn_gate_shexp.weight,      torch.bfloat16 --> F16, shape = {2048, 512}
INFO:hf-to-gguf:blk.32.ffn_up_shexp.weight,        torch.bfloat16 --> F16, shape = {2048, 512}
INFO:hf-to-gguf:blk.32.ffn_gate_inp_shexp.weight,  torch.bfloat16 --> F32, shape = {2048, 1}
INFO:hf-to-gguf:blk.32.post_attention_norm.weight, torch.bfloat16 --> F32, shape = {2048}
INFO:hf-to-gguf:blk.33.attn_norm.weight,           torch.bfloat16 --> F32, shape = {2048}
INFO:hf-to-gguf:blk.33.ssm_a,                      torch.bfloat16 --> F32, shape = {32}
INFO:hf-to-gguf:blk.33.ssm_conv1d.weight,          torch.bfloat16 --> F32, shape = {4, 8192}
INFO:hf-to-gguf:blk.33.ssm_dt.bias,                torch.bfloat16 --> F32, shape = {32}
INFO:hf-to-gguf:blk.33.ssm_alpha.weight,           torch.bfloat16 --> F16, shape = {2048, 32}
INFO:hf-to-gguf:blk.33.ssm_beta.weight,            torch.bfloat16 --> F16, shape = {2048, 32}
INFO:hf-to-gguf:blk.33.attn_qkv.weight,            torch.bfloat16 --> F16, shape = {2048, 8192}
INFO:hf-to-gguf:blk.33.attn_gate.weight,           torch.bfloat16 --> F16, shape = {2048, 4096}
INFO:hf-to-gguf:blk.33.ssm_norm.weight,            torch.bfloat16 --> F32, shape = {128}
INFO:hf-to-gguf:blk.33.ssm_out.weight,             torch.bfloat16 --> F16, shape = {4096, 2048}
INFO:hf-to-gguf:blk.33.ffn_down_exps.weight,       torch.bfloat16 --> F16, shape = {512, 2048, 256}
INFO:hf-to-gguf:blk.33.ffn_gate_exps.weight,       torch.bfloat16 --> F16, shape = {2048, 512, 256}
INFO:hf-to-gguf:blk.33.ffn_up_exps.weight,         torch.bfloat16 --> F16, shape = {2048, 512, 256}
INFO:hf-to-gguf:blk.33.ffn_gate_inp.weight,        torch.bfloat16 --> F32, shape = {2048, 256}
INFO:hf-to-gguf:blk.33.ffn_down_shexp.weight,      torch.bfloat16 --> F16, shape = {512, 2048}
INFO:hf-to-gguf:blk.33.ffn_gate_shexp.weight,      torch.bfloat16 --> F16, shape = {2048, 512}
INFO:hf-to-gguf:blk.33.ffn_up_shexp.weight,        torch.bfloat16 --> F16, shape = {2048, 512}
INFO:hf-to-gguf:blk.33.ffn_gate_inp_shexp.weight,  torch.bfloat16 --> F32, shape = {2048, 1}
INFO:hf-to-gguf:blk.33.post_attention_norm.weight, torch.bfloat16 --> F32, shape = {2048}
INFO:hf-to-gguf:blk.34.attn_norm.weight,           torch.bfloat16 --> F32, shape = {2048}
INFO:hf-to-gguf:blk.34.ssm_a,                      torch.bfloat16 --> F32, shape = {32}
INFO:hf-to-gguf:blk.34.ssm_conv1d.weight,          torch.bfloat16 --> F32, shape = {4, 8192}
INFO:hf-to-gguf:blk.34.ssm_dt.bias,                torch.bfloat16 --> F32, shape = {32}
INFO:hf-to-gguf:blk.34.ssm_alpha.weight,           torch.bfloat16 --> F16, shape = {2048, 32}
INFO:hf-to-gguf:blk.34.ssm_beta.weight,            torch.bfloat16 --> F16, shape = {2048, 32}
INFO:hf-to-gguf:blk.34.attn_qkv.weight,            torch.bfloat16 --> F16, shape = {2048, 8192}
INFO:hf-to-gguf:blk.34.attn_gate.weight,           torch.bfloat16 --> F16, shape = {2048, 4096}
INFO:hf-to-gguf:blk.34.ssm_norm.weight,            torch.bfloat16 --> F32, shape = {128}
INFO:hf-to-gguf:blk.34.ssm_out.weight,             torch.bfloat16 --> F16, shape = {4096, 2048}
INFO:hf-to-gguf:blk.34.ffn_down_exps.weight,       torch.bfloat16 --> F16, shape = {512, 2048, 256}
INFO:hf-to-gguf:blk.34.ffn_gate_exps.weight,       torch.bfloat16 --> F16, shape = {2048, 512, 256}
INFO:hf-to-gguf:blk.34.ffn_up_exps.weight,         torch.bfloat16 --> F16, shape = {2048, 512, 256}
INFO:hf-to-gguf:blk.34.ffn_gate_inp.weight,        torch.bfloat16 --> F32, shape = {2048, 256}
INFO:hf-to-gguf:blk.34.ffn_down_shexp.weight,      torch.bfloat16 --> F16, shape = {512, 2048}
INFO:hf-to-gguf:blk.34.ffn_gate_shexp.weight,      torch.bfloat16 --> F16, shape = {2048, 512}
INFO:hf-to-gguf:blk.34.ffn_up_shexp.weight,        torch.bfloat16 --> F16, shape = {2048, 512}
INFO:hf-to-gguf:blk.34.ffn_gate_inp_shexp.weight,  torch.bfloat16 --> F32, shape = {2048, 1}
INFO:hf-to-gguf:blk.34.post_attention_norm.weight, torch.bfloat16 --> F32, shape = {2048}
INFO:hf-to-gguf:blk.35.attn_norm.weight,           torch.bfloat16 --> F32, shape = {2048}
INFO:hf-to-gguf:blk.35.ffn_down_exps.weight,       torch.bfloat16 --> F16, shape = {512, 2048, 256}
INFO:hf-to-gguf:blk.35.ffn_gate_exps.weight,       torch.bfloat16 --> F16, shape = {2048, 512, 256}
INFO:hf-to-gguf:blk.35.ffn_up_exps.weight,         torch.bfloat16 --> F16, shape = {2048, 512, 256}
INFO:hf-to-gguf:blk.35.ffn_gate_inp.weight,        torch.bfloat16 --> F32, shape = {2048, 256}
INFO:hf-to-gguf:blk.35.ffn_down_shexp.weight,      torch.bfloat16 --> F16, shape = {512, 2048}
INFO:hf-to-gguf:blk.35.ffn_gate_shexp.weight,      torch.bfloat16 --> F16, shape = {2048, 512}
INFO:hf-to-gguf:blk.35.ffn_up_shexp.weight,        torch.bfloat16 --> F16, shape = {2048, 512}
INFO:hf-to-gguf:blk.35.ffn_gate_inp_shexp.weight,  torch.bfloat16 --> F32, shape = {2048, 1}
INFO:hf-to-gguf:blk.35.post_attention_norm.weight, torch.bfloat16 --> F32, shape = {2048}
INFO:hf-to-gguf:blk.35.attn_k_norm.weight,         torch.bfloat16 --> F32, shape = {256}
INFO:hf-to-gguf:blk.35.attn_k.weight,              torch.bfloat16 --> F16, shape = {2048, 512}
INFO:hf-to-gguf:blk.35.attn_output.weight,         torch.bfloat16 --> F16, shape = {4096, 2048}
INFO:hf-to-gguf:blk.35.attn_q_norm.weight,         torch.bfloat16 --> F32, shape = {256}
INFO:hf-to-gguf:blk.35.attn_q.weight,              torch.bfloat16 --> F16, shape = {2048, 8192}
INFO:hf-to-gguf:blk.35.attn_v.weight,              torch.bfloat16 --> F16, shape = {2048, 512}
INFO:hf-to-gguf:blk.36.attn_norm.weight,           torch.bfloat16 --> F32, shape = {2048}
INFO:hf-to-gguf:blk.36.ssm_a,                      torch.bfloat16 --> F32, shape = {32}
INFO:hf-to-gguf:blk.36.ssm_conv1d.weight,          torch.bfloat16 --> F32, shape = {4, 8192}
INFO:hf-to-gguf:blk.36.ssm_dt.bias,                torch.bfloat16 --> F32, shape = {32}
INFO:hf-to-gguf:blk.36.ssm_alpha.weight,           torch.bfloat16 --> F16, shape = {2048, 32}
INFO:hf-to-gguf:blk.36.ssm_beta.weight,            torch.bfloat16 --> F16, shape = {2048, 32}
INFO:hf-to-gguf:blk.36.attn_qkv.weight,            torch.bfloat16 --> F16, shape = {2048, 8192}
INFO:hf-to-gguf:blk.36.attn_gate.weight,           torch.bfloat16 --> F16, shape = {2048, 4096}
INFO:hf-to-gguf:blk.36.ssm_norm.weight,            torch.bfloat16 --> F32, shape = {128}
INFO:hf-to-gguf:blk.36.ssm_out.weight,             torch.bfloat16 --> F16, shape = {4096, 2048}
INFO:hf-to-gguf:blk.36.ffn_down_exps.weight,       torch.bfloat16 --> F16, shape = {512, 2048, 256}
INFO:hf-to-gguf:blk.36.ffn_gate_exps.weight,       torch.bfloat16 --> F16, shape = {2048, 512, 256}
INFO:hf-to-gguf:blk.36.ffn_up_exps.weight,         torch.bfloat16 --> F16, shape = {2048, 512, 256}
INFO:hf-to-gguf:blk.36.ffn_gate_inp.weight,        torch.bfloat16 --> F32, shape = {2048, 256}
INFO:hf-to-gguf:blk.36.ffn_down_shexp.weight,      torch.bfloat16 --> F16, shape = {512, 2048}
INFO:hf-to-gguf:blk.36.ffn_gate_shexp.weight,      torch.bfloat16 --> F16, shape = {2048, 512}
INFO:hf-to-gguf:blk.36.ffn_up_shexp.weight,        torch.bfloat16 --> F16, shape = {2048, 512}
INFO:hf-to-gguf:blk.36.ffn_gate_inp_shexp.weight,  torch.bfloat16 --> F32, shape = {2048, 1}
INFO:hf-to-gguf:blk.36.post_attention_norm.weight, torch.bfloat16 --> F32, shape = {2048}
INFO:hf-to-gguf:blk.37.attn_norm.weight,           torch.bfloat16 --> F32, shape = {2048}
INFO:hf-to-gguf:blk.37.ssm_a,                      torch.bfloat16 --> F32, shape = {32}
INFO:hf-to-gguf:blk.37.ssm_conv1d.weight,          torch.bfloat16 --> F32, shape = {4, 8192}
INFO:hf-to-gguf:blk.37.ssm_dt.bias,                torch.bfloat16 --> F32, shape = {32}
INFO:hf-to-gguf:blk.37.ssm_alpha.weight,           torch.bfloat16 --> F16, shape = {2048, 32}
INFO:hf-to-gguf:blk.37.ssm_beta.weight,            torch.bfloat16 --> F16, shape = {2048, 32}
INFO:hf-to-gguf:blk.37.attn_qkv.weight,            torch.bfloat16 --> F16, shape = {2048, 8192}
INFO:hf-to-gguf:blk.37.attn_gate.weight,           torch.bfloat16 --> F16, shape = {2048, 4096}
INFO:hf-to-gguf:blk.37.ssm_norm.weight,            torch.bfloat16 --> F32, shape = {128}
INFO:hf-to-gguf:blk.37.ssm_out.weight,             torch.bfloat16 --> F16, shape = {4096, 2048}
INFO:hf-to-gguf:blk.37.ffn_down_exps.weight,       torch.bfloat16 --> F16, shape = {512, 2048, 256}
INFO:hf-to-gguf:blk.37.ffn_gate_exps.weight,       torch.bfloat16 --> F16, shape = {2048, 512, 256}
INFO:hf-to-gguf:blk.37.ffn_up_exps.weight,         torch.bfloat16 --> F16, shape = {2048, 512, 256}
INFO:hf-to-gguf:blk.37.ffn_gate_inp.weight,        torch.bfloat16 --> F32, shape = {2048, 256}
INFO:hf-to-gguf:blk.37.ffn_down_shexp.weight,      torch.bfloat16 --> F16, shape = {512, 2048}
INFO:hf-to-gguf:blk.37.ffn_gate_shexp.weight,      torch.bfloat16 --> F16, shape = {2048, 512}
INFO:hf-to-gguf:blk.37.ffn_up_shexp.weight,        torch.bfloat16 --> F16, shape = {2048, 512}
INFO:hf-to-gguf:blk.37.ffn_gate_inp_shexp.weight,  torch.bfloat16 --> F32, shape = {2048, 1}
INFO:hf-to-gguf:blk.37.post_attention_norm.weight, torch.bfloat16 --> F32, shape = {2048}
INFO:hf-to-gguf:blk.38.attn_norm.weight,           torch.bfloat16 --> F32, shape = {2048}
INFO:hf-to-gguf:blk.38.ssm_a,                      torch.bfloat16 --> F32, shape = {32}
INFO:hf-to-gguf:blk.38.ssm_conv1d.weight,          torch.bfloat16 --> F32, shape = {4, 8192}
INFO:hf-to-gguf:blk.38.ssm_dt.bias,                torch.bfloat16 --> F32, shape = {32}
INFO:hf-to-gguf:blk.38.ssm_alpha.weight,           torch.bfloat16 --> F16, shape = {2048, 32}
INFO:hf-to-gguf:blk.38.ssm_beta.weight,            torch.bfloat16 --> F16, shape = {2048, 32}
INFO:hf-to-gguf:blk.38.attn_qkv.weight,            torch.bfloat16 --> F16, shape = {2048, 8192}
INFO:hf-to-gguf:blk.38.attn_gate.weight,           torch.bfloat16 --> F16, shape = {2048, 4096}
INFO:hf-to-gguf:blk.38.ssm_norm.weight,            torch.bfloat16 --> F32, shape = {128}
INFO:hf-to-gguf:blk.38.ssm_out.weight,             torch.bfloat16 --> F16, shape = {4096, 2048}
INFO:hf-to-gguf:blk.38.ffn_down_exps.weight,       torch.bfloat16 --> F16, shape = {512, 2048, 256}
INFO:hf-to-gguf:blk.38.ffn_gate_exps.weight,       torch.bfloat16 --> F16, shape = {2048, 512, 256}
INFO:hf-to-gguf:blk.38.ffn_up_exps.weight,         torch.bfloat16 --> F16, shape = {2048, 512, 256}
INFO:hf-to-gguf:blk.38.ffn_gate_inp.weight,        torch.bfloat16 --> F32, shape = {2048, 256}
INFO:hf-to-gguf:blk.38.ffn_down_shexp.weight,      torch.bfloat16 --> F16, shape = {512, 2048}
INFO:hf-to-gguf:blk.38.ffn_gate_shexp.weight,      torch.bfloat16 --> F16, shape = {2048, 512}
INFO:hf-to-gguf:blk.38.ffn_up_shexp.weight,        torch.bfloat16 --> F16, shape = {2048, 512}
INFO:hf-to-gguf:blk.38.ffn_gate_inp_shexp.weight,  torch.bfloat16 --> F32, shape = {2048, 1}
INFO:hf-to-gguf:blk.38.post_attention_norm.weight, torch.bfloat16 --> F32, shape = {2048}
INFO:hf-to-gguf:blk.39.ffn_gate_exps.weight,       torch.bfloat16 --> F16, shape = {2048, 512, 256}
INFO:hf-to-gguf:blk.39.ffn_up_exps.weight,         torch.bfloat16 --> F16, shape = {2048, 512, 256}
INFO:hf-to-gguf:output.weight,                     torch.bfloat16 --> F16, shape = {2048, 248320}
INFO:hf-to-gguf:blk.39.attn_norm.weight,           torch.bfloat16 --> F32, shape = {2048}
INFO:hf-to-gguf:blk.39.ffn_down_exps.weight,       torch.bfloat16 --> F16, shape = {512, 2048, 256}
INFO:hf-to-gguf:blk.39.ffn_gate_inp.weight,        torch.bfloat16 --> F32, shape = {2048, 256}
INFO:hf-to-gguf:blk.39.ffn_down_shexp.weight,      torch.bfloat16 --> F16, shape = {512, 2048}
INFO:hf-to-gguf:blk.39.ffn_gate_shexp.weight,      torch.bfloat16 --> F16, shape = {2048, 512}
INFO:hf-to-gguf:blk.39.ffn_up_shexp.weight,        torch.bfloat16 --> F16, shape = {2048, 512}
INFO:hf-to-gguf:blk.39.ffn_gate_inp_shexp.weight,  torch.bfloat16 --> F32, shape = {2048, 1}
INFO:hf-to-gguf:blk.39.post_attention_norm.weight, torch.bfloat16 --> F32, shape = {2048}
INFO:hf-to-gguf:blk.39.attn_k_norm.weight,         torch.bfloat16 --> F32, shape = {256}
INFO:hf-to-gguf:blk.39.attn_k.weight,              torch.bfloat16 --> F16, shape = {2048, 512}
INFO:hf-to-gguf:blk.39.attn_output.weight,         torch.bfloat16 --> F16, shape = {4096, 2048}
INFO:hf-to-gguf:blk.39.attn_q_norm.weight,         torch.bfloat16 --> F32, shape = {256}
INFO:hf-to-gguf:blk.39.attn_q.weight,              torch.bfloat16 --> F16, shape = {2048, 8192}
INFO:hf-to-gguf:blk.39.attn_v.weight,              torch.bfloat16 --> F16, shape = {2048, 512}
INFO:hf-to-gguf:output_norm.weight,                torch.bfloat16 --> F32, shape = {2048}
INFO:hf-to-gguf:Set meta model
INFO:hf-to-gguf:Set model parameters
INFO:hf-to-gguf:gguf: context length = 262144
INFO:hf-to-gguf:gguf: embedding length = 2048
INFO:hf-to-gguf:gguf: head count = 16
INFO:hf-to-gguf:gguf: key-value head count = 2
WARNING:hf-to-gguf:Unknown RoPE type: default
INFO:hf-to-gguf:gguf: rope scaling type = NONE
INFO:hf-to-gguf:gguf: mrope sections: [11, 11, 10, 0]
INFO:hf-to-gguf:gguf: rope theta = 10000000
INFO:hf-to-gguf:gguf: rms norm epsilon = 1e-06
INFO:hf-to-gguf:gguf: expert count = 256
INFO:hf-to-gguf:gguf: experts used count = 8
INFO:hf-to-gguf:gguf: file type = 1
INFO:hf-to-gguf:gguf: expert feed forward length = 512
INFO:hf-to-gguf:gguf: expert shared feed forward length = 512
INFO:hf-to-gguf:Set model quantization version
INFO:hf-to-gguf:Set model tokenizer
INFO:gguf.vocab:Adding 247587 merge(s).
INFO:gguf.vocab:Setting special token type eos to 248046
INFO:gguf.vocab:Setting special token type pad to 248044
INFO:gguf.vocab:Setting special token type bos to 248044
INFO:gguf.vocab:Setting add_bos_token to False
INFO:gguf.vocab:Setting chat_template to {%- set image_count = namespace(value=0) %}
{%- set video_count = namespace(value=0) %}
{%- macro render_content(content, do_vision_count, is_system_content=false) %}
    {%- if content is string %}
        {{- content }}
    {%- elif content is iterable and content is not mapping %}
        {%- for item in content %}
            {%- if 'image' in item or 'image_url' in item or item.type == 'image' %}
                {%- if is_system_content %}
                    {{- raise_exception('System message cannot contain images.') }}
                {%- endif %}
                {%- if do_vision_count %}
                    {%- set image_count.value = image_count.value + 1 %}
                {%- endif %}
                {%- if add_vision_id %}
                    {{- 'Picture ' ~ image_count.value ~ ': ' }}
                {%- endif %}
                {{- '<|vision_start|><|image_pad|><|vision_end|>' }}
            {%- elif 'video' in item or item.type == 'video' %}
                {%- if is_system_content %}
                    {{- raise_exception('System message cannot contain videos.') }}
                {%- endif %}
                {%- if do_vision_count %}
                    {%- set video_count.value = video_count.value + 1 %}
                {%- endif %}
                {%- if add_vision_id %}
                    {{- 'Video ' ~ video_count.value ~ ': ' }}
                {%- endif %}
                {{- '<|vision_start|><|video_pad|><|vision_end|>' }}
            {%- elif 'text' in item %}
                {{- item.text }}
            {%- else %}
                {{- raise_exception('Unexpected item type in content.') }}
            {%- endif %}
        {%- endfor %}
    {%- elif content is none or content is undefined %}
        {{- '' }}
    {%- else %}
        {{- raise_exception('Unexpected content type.') }}
    {%- endif %}
{%- endmacro %}
{%- if not messages %}
    {{- raise_exception('No messages provided.') }}
{%- endif %}
{%- if tools and tools is iterable and tools is not mapping %}
    {{- '<|im_start|>system\n' }}
    {{- "# Tools\n\nYou have access to the following functions:\n\n<tools>" }}
    {%- for tool in tools %}
        {{- "\n" }}
        {{- tool | tojson }}
    {%- endfor %}
    {{- "\n</tools>" }}
    {{- '\n\nIf you choose to call a function ONLY reply in the following format with NO suffix:\n\n<tool_call>\n<function=example_function_name>\n<parameter=example_parameter_1>\nvalue_1\n</parameter>\n<parameter=example_parameter_2>\nThis is the value for the second parameter\nthat can span\nmultiple lines\n</parameter>\n</function>\n</tool_call>\n\n<IMPORTANT>\nReminder:\n- Function calls MUST follow the specified format: an inner <function=...></function> block must be nested within <tool_call></tool_call> XML tags\n- Required parameters MUST be specified\n- You may provide optional reasoning for your function call in natural language BEFORE the function call, but NOT after\n- If there is no function call available, answer the question like normal with your current knowledge and do not tell the user about function calls\n</IMPORTANT>' }}
    {%- if messages[0].role == 'system' %}
        {%- set content = render_content(messages[0].content, false, true)|trim %}
        {%- if content %}
            {{- '\n\n' + content }}
        {%- endif %}
    {%- endif %}
    {{- '<|im_end|>\n' }}
{%- else %}
    {%- if messages[0].role == 'system' %}
        {%- set content = render_content(messages[0].content, false, true)|trim %}
        {{- '<|im_start|>system\n' + content + '<|im_end|>\n' }}
    {%- endif %}
{%- endif %}
{%- set ns = namespace(multi_step_tool=true, last_query_index=messages|length - 1) %}
{%- for message in messages[::-1] %}
    {%- set index = (messages|length - 1) - loop.index0 %}
    {%- if ns.multi_step_tool and message.role == "user" %}
        {%- set content = render_content(message.content, false)|trim %}
        {%- if not(content.startswith('<tool_response>') and content.endswith('</tool_response>')) %}
            {%- set ns.multi_step_tool = false %}
            {%- set ns.last_query_index = index %}
        {%- endif %}
    {%- endif %}
{%- endfor %}
{%- if ns.multi_step_tool %}
    {{- raise_exception('No user query found in messages.') }}
{%- endif %}
{%- for message in messages %}
    {%- set content = render_content(message.content, true)|trim %}
    {%- if message.role == "system" %}
        {%- if not loop.first %}
            {{- raise_exception('System message must be at the beginning.') }}
        {%- endif %}
    {%- elif message.role == "user" %}
        {{- '<|im_start|>' + message.role + '\n' + content + '<|im_end|>' + '\n' }}
    {%- elif message.role == "assistant" %}
        {%- set reasoning_content = '' %}
        {%- if message.reasoning_content is string %}
            {%- set reasoning_content = message.reasoning_content %}
        {%- else %}
            {%- if '</think>' in content %}
                {%- set reasoning_content = content.split('</think>')[0].rstrip('\n').split('<think>')[-1].lstrip('\n') %}
                {%- set content = content.split('</think>')[-1].lstrip('\n') %}
            {%- endif %}
        {%- endif %}
        {%- set reasoning_content = reasoning_content|trim %}
        {%- if (preserve_thinking is defined and preserve_thinking is true) or (loop.index0 > ns.last_query_index) %}
            {{- '<|im_start|>' + message.role + '\n<think>\n' + reasoning_content + '\n</think>\n\n' + content }}
        {%- else %}
            {{- '<|im_start|>' + message.role + '\n' + content }}
        {%- endif %}
        {%- if message.tool_calls and message.tool_calls is iterable and message.tool_calls is not mapping %}
            {%- for tool_call in message.tool_calls %}
                {%- if tool_call.function is defined %}
                    {%- set tool_call = tool_call.function %}
                {%- endif %}
                {%- if loop.first %}
                    {%- if content|trim %}
                        {{- '\n\n<tool_call>\n<function=' + tool_call.name + '>\n' }}
                    {%- else %}
                        {{- '<tool_call>\n<function=' + tool_call.name + '>\n' }}
                    {%- endif %}
                {%- else %}
                    {{- '\n<tool_call>\n<function=' + tool_call.name + '>\n' }}
                {%- endif %}
                {%- if tool_call.arguments is defined %}
                    {%- for args_name, args_value in tool_call.arguments|items %}
                        {{- '<parameter=' + args_name + '>\n' }}
                        {%- set args_value = args_value | string if args_value is string else args_value | tojson | safe %}
                        {{- args_value }}
                        {{- '\n</parameter>\n' }}
                    {%- endfor %}
                {%- endif %}
                {{- '</function>\n</tool_call>' }}
            {%- endfor %}
        {%- endif %}
        {{- '<|im_end|>\n' }}
    {%- elif message.role == "tool" %}
        {%- if loop.previtem and loop.previtem.role != "tool" %}
            {{- '<|im_start|>user' }}
        {%- endif %}
        {{- '\n<tool_response>\n' }}
        {{- content }}
        {{- '\n</tool_response>' }}
        {%- if not loop.last and loop.nextitem.role != "tool" %}
            {{- '<|im_end|>\n' }}
        {%- elif loop.last %}
            {{- '<|im_end|>\n' }}
        {%- endif %}
    {%- else %}
        {{- raise_exception('Unexpected message role.') }}
    {%- endif %}
{%- endfor %}
{%- if add_generation_prompt %}
    {{- '<|im_start|>assistant\n' }}
    {%- if enable_thinking is defined and enable_thinking is false %}
        {{- '<think>\n\n</think>\n\n' }}
    {%- else %}
        {{- '<think>\n' }}
    {%- endif %}
{%- endif %}
INFO:gguf.gguf_writer:Writing the following files:
INFO:gguf.gguf_writer:/models/Qwen3.6-35B-A3B-GGUF-imatrix/Qwen3.6-35B-A3B-F16.gguf: n_tensors = 733, total_size = 69.4G
Writing:   0%|          | 0.00/69.4G [00:00<?, ?byte/s]Writing:   1%|▏         | 1.02G/69.4G [00:01<01:28, 769Mbyte/s]Writing:   2%|▏         | 1.62G/69.4G [00:02<02:00, 563Mbyte/s]Writing:   3%|▎         | 2.16G/69.4G [00:03<02:07, 529Mbyte/s]Writing:   3%|▎         | 2.23G/69.4G [00:04<02:09, 520Mbyte/s]Writing:   4%|▍         | 2.76G/69.4G [00:04<01:51, 595Mbyte/s]Writing:   5%|▍         | 3.30G/69.4G [00:05<01:51, 593Mbyte/s]Writing:   6%|▌         | 3.84G/69.4G [00:06<01:44, 626Mbyte/s]Writing:   6%|▋         | 4.37G/69.4G [00:07<01:50, 590Mbyte/s]Writing:   6%|▋         | 4.44G/69.4G [00:07<01:53, 573Mbyte/s]Writing:   7%|▋         | 4.99G/69.4G [00:08<01:41, 636Mbyte/s]Writing:   8%|▊         | 5.53G/69.4G [00:09<01:43, 615Mbyte/s]Writing:   9%|▊         | 6.07G/69.4G [00:09<01:37, 648Mbyte/s]Writing:  10%|▉         | 6.61G/69.4G [00:10<01:33, 671Mbyte/s]Writing:  10%|█         | 7.15G/69.4G [00:11<01:36, 646Mbyte/s]Writing:  11%|█         | 7.69G/69.4G [00:12<01:32, 664Mbyte/s]Writing:  11%|█         | 7.78G/69.4G [00:12<01:36, 636Mbyte/s]Writing:  12%|█▏        | 8.35G/69.4G [00:13<01:29, 682Mbyte/s]Writing:  13%|█▎        | 8.89G/69.4G [00:14<01:33, 650Mbyte/s]Writing:  14%|█▎        | 9.43G/69.4G [00:15<01:29, 667Mbyte/s]Writing:  14%|█▎        | 9.50G/69.4G [00:15<01:33, 639Mbyte/s]Writing:  14%|█▍        | 10.0G/69.4G [00:15<01:26, 684Mbyte/s]Writing:  15%|█▌        | 10.6G/69.4G [00:16<01:30, 650Mbyte/s]Writing:  16%|█▌        | 11.1G/69.4G [00:17<01:26, 672Mbyte/s]Writing:  16%|█▌        | 11.2G/69.4G [00:17<01:30, 646Mbyte/s]Writing:  17%|█▋        | 11.7G/69.4G [00:18<01:23, 690Mbyte/s]Writing:  18%|█▊        | 12.3G/69.4G [00:19<01:27, 652Mbyte/s]Writing:  18%|█▊        | 12.8G/69.4G [00:20<01:24, 667Mbyte/s]Writing:  19%|█▉        | 13.3G/69.4G [00:20<01:21, 689Mbyte/s]Writing:  20%|██        | 13.9G/69.4G [00:21<01:23, 662Mbyte/s]Writing:  21%|██        | 14.4G/69.4G [00:22<01:20, 683Mbyte/s]Writing:  21%|██        | 14.5G/69.4G [00:22<01:23, 657Mbyte/s]Writing:  22%|██▏       | 15.1G/69.4G [00:23<01:18, 689Mbyte/s]Writing:  22%|██▏       | 15.2G/69.4G [00:23<01:23, 649Mbyte/s]Writing:  23%|██▎       | 15.7G/69.4G [00:24<01:16, 698Mbyte/s]Writing:  23%|██▎       | 16.2G/69.4G [00:25<01:20, 658Mbyte/s]Writing:  24%|██▍       | 16.8G/69.4G [00:25<01:18, 674Mbyte/s]Writing:  24%|██▍       | 16.8G/69.4G [00:26<01:21, 646Mbyte/s]Writing:  25%|██▌       | 17.4G/69.4G [00:26<01:14, 693Mbyte/s]Writing:  26%|██▌       | 17.9G/69.4G [00:27<01:19, 650Mbyte/s]Writing:  27%|██▋       | 18.4G/69.4G [00:28<01:16, 668Mbyte/s]Writing:  27%|██▋       | 19.0G/69.4G [00:29<01:17, 646Mbyte/s]Writing:  28%|██▊       | 19.5G/69.4G [00:30<01:14, 669Mbyte/s]Writing:  29%|██▉       | 20.1G/69.4G [00:31<01:16, 645Mbyte/s]Writing:  30%|██▉       | 20.6G/69.4G [00:31<01:13, 668Mbyte/s]Writing:  30%|██▉       | 20.7G/69.4G [00:32<01:15, 647Mbyte/s]Writing:  31%|███       | 21.3G/69.4G [00:32<01:15, 640Mbyte/s]Writing:  31%|███▏      | 21.8G/69.4G [00:33<01:13, 651Mbyte/s]Writing:  32%|███▏      | 21.9G/69.4G [00:33<01:16, 624Mbyte/s]Writing:  32%|███▏      | 22.4G/69.4G [00:34<01:09, 672Mbyte/s]Writing:  33%|███▎      | 23.0G/69.4G [00:35<01:14, 626Mbyte/s]Writing:  34%|███▍      | 23.5G/69.4G [00:36<01:10, 650Mbyte/s]Writing:  35%|███▍      | 24.0G/69.4G [00:37<01:07, 673Mbyte/s]Writing:  35%|███▌      | 24.6G/69.4G [00:37<01:05, 684Mbyte/s]Writing:  36%|███▌      | 24.6G/69.4G [00:38<01:08, 652Mbyte/s]Writing:  36%|███▋      | 25.2G/69.4G [00:38<01:04, 689Mbyte/s]Writing:  37%|███▋      | 25.7G/69.4G [00:39<01:06, 654Mbyte/s]Writing:  38%|███▊      | 26.3G/69.4G [00:40<01:04, 671Mbyte/s]Writing:  39%|███▊      | 26.8G/69.4G [00:41<01:06, 637Mbyte/s]Writing:  39%|███▉      | 27.3G/69.4G [00:42<01:05, 645Mbyte/s]Writing:  40%|███▉      | 27.4G/69.4G [00:42<01:07, 625Mbyte/s]Writing:  40%|████      | 28.0G/69.4G [00:43<01:06, 624Mbyte/s]Writing:  41%|████      | 28.5G/69.4G [00:44<01:02, 656Mbyte/s]Writing:  42%|████▏     | 29.1G/69.4G [00:44<00:59, 678Mbyte/s]Writing:  43%|████▎     | 29.6G/69.4G [00:45<00:57, 689Mbyte/s]Writing:  43%|████▎     | 29.7G/69.4G [00:45<00:59, 662Mbyte/s]Writing:  44%|████▎     | 30.2G/69.4G [00:46<00:55, 699Mbyte/s]Writing:  44%|████▍     | 30.8G/69.4G [00:47<01:02, 613Mbyte/s]Writing:  45%|████▌     | 31.3G/69.4G [00:48<01:00, 626Mbyte/s]Writing:  45%|████▌     | 31.4G/69.4G [00:48<01:02, 605Mbyte/s]Writing:  46%|████▌     | 31.9G/69.4G [00:49<00:56, 657Mbyte/s]Writing:  47%|████▋     | 32.5G/69.4G [00:50<00:58, 628Mbyte/s]Writing:  48%|████▊     | 33.0G/69.4G [00:50<00:55, 653Mbyte/s]Writing:  48%|████▊     | 33.1G/69.4G [00:51<00:57, 637Mbyte/s]Writing:  48%|████▊     | 33.6G/69.4G [00:51<00:57, 626Mbyte/s]Writing:  49%|████▉     | 34.1G/69.4G [00:52<00:54, 650Mbyte/s]Writing:  50%|████▉     | 34.7G/69.4G [00:53<00:51, 678Mbyte/s]Writing:  50%|█████     | 34.7G/69.4G [00:53<00:53, 647Mbyte/s]Writing:  51%|█████     | 35.3G/69.4G [00:54<00:49, 694Mbyte/s]Writing:  52%|█████▏    | 35.8G/69.4G [00:55<00:54, 620Mbyte/s]Writing:  52%|█████▏    | 36.4G/69.4G [00:56<00:50, 651Mbyte/s]Writing:  53%|█████▎    | 36.4G/69.4G [00:56<00:52, 627Mbyte/s]Writing:  53%|█████▎    | 37.0G/69.4G [00:56<00:48, 674Mbyte/s]Writing:  53%|█████▎    | 37.0G/69.4G [00:57<00:50, 637Mbyte/s]Writing:  54%|█████▍    | 37.6G/69.4G [00:58<00:52, 602Mbyte/s]Writing:  55%|█████▍    | 38.1G/69.4G [00:58<00:49, 637Mbyte/s]Writing:  56%|█████▌    | 38.7G/69.4G [00:59<00:51, 593Mbyte/s]Writing:  56%|█████▋    | 39.2G/69.4G [01:00<00:48, 627Mbyte/s]Writing:  57%|█████▋    | 39.7G/69.4G [01:01<00:45, 652Mbyte/s]Writing:  58%|█████▊    | 40.3G/69.4G [01:02<00:43, 670Mbyte/s]Writing:  59%|█████▉    | 40.8G/69.4G [01:03<00:46, 617Mbyte/s]Writing:  60%|█████▉    | 41.4G/69.4G [01:04<00:44, 627Mbyte/s]Writing:  60%|█████▉    | 41.4G/69.4G [01:04<00:45, 612Mbyte/s]Writing:  61%|██████    | 42.0G/69.4G [01:04<00:41, 658Mbyte/s]Writing:  61%|██████▏   | 42.5G/69.4G [01:06<00:44, 607Mbyte/s]Writing:  62%|██████▏   | 43.1G/69.4G [01:06<00:40, 642Mbyte/s]Writing:  62%|██████▏   | 43.2G/69.4G [01:06<00:42, 624Mbyte/s]Writing:  63%|██████▎   | 43.7G/69.4G [01:07<00:38, 673Mbyte/s]Writing:  64%|██████▍   | 44.2G/69.4G [01:08<00:41, 607Mbyte/s]Writing:  65%|██████▍   | 44.8G/69.4G [01:09<00:38, 634Mbyte/s]Writing:  65%|██████▍   | 44.9G/69.4G [01:09<00:39, 614Mbyte/s]Writing:  65%|██████▌   | 45.4G/69.4G [01:10<00:40, 594Mbyte/s]Writing:  66%|██████▌   | 45.9G/69.4G [01:11<00:38, 613Mbyte/s]Writing:  67%|██████▋   | 46.5G/69.4G [01:12<00:39, 587Mbyte/s]Writing:  68%|██████▊   | 47.0G/69.4G [01:13<00:36, 613Mbyte/s]Writing:  68%|██████▊   | 47.1G/69.4G [01:13<00:37, 597Mbyte/s]Writing:  69%|██████▊   | 47.7G/69.4G [01:14<00:33, 651Mbyte/s]Writing:  69%|██████▉   | 48.2G/69.4G [01:15<00:35, 596Mbyte/s]Writing:  70%|███████   | 48.7G/69.4G [01:15<00:32, 626Mbyte/s]Writing:  71%|███████   | 49.3G/69.4G [01:16<00:31, 642Mbyte/s]Writing:  72%|███████▏  | 49.8G/69.4G [01:17<00:29, 658Mbyte/s]Writing:  72%|███████▏  | 49.9G/69.4G [01:17<00:30, 629Mbyte/s]Writing:  73%|███████▎  | 50.4G/69.4G [01:18<00:27, 679Mbyte/s]Writing:  73%|███████▎  | 50.5G/69.4G [01:18<00:29, 650Mbyte/s]Writing:  74%|███████▎  | 51.0G/69.4G [01:19<00:30, 608Mbyte/s]Writing:  74%|███████▍  | 51.6G/69.4G [01:20<00:27, 650Mbyte/s]Writing:  75%|███████▌  | 52.1G/69.4G [01:21<00:25, 680Mbyte/s]Writing:  76%|███████▌  | 52.7G/69.4G [01:22<00:27, 614Mbyte/s]Writing:  77%|███████▋  | 53.2G/69.4G [01:22<00:25, 632Mbyte/s]Writing:  78%|███████▊  | 53.8G/69.4G [01:24<00:26, 591Mbyte/s]Writing:  78%|███████▊  | 54.3G/69.4G [01:24<00:24, 618Mbyte/s]Writing:  79%|███████▉  | 54.9G/69.4G [01:25<00:22, 645Mbyte/s]Writing:  79%|███████▉  | 54.9G/69.4G [01:25<00:23, 620Mbyte/s]Writing:  80%|███████▉  | 55.5G/69.4G [01:26<00:20, 669Mbyte/s]Writing:  81%|████████  | 56.0G/69.4G [01:27<00:21, 618Mbyte/s]Writing:  82%|████████▏ | 56.6G/69.4G [01:28<00:20, 617Mbyte/s]Writing:  82%|████████▏ | 56.6G/69.4G [01:28<00:21, 596Mbyte/s]Writing:  82%|████████▏ | 57.2G/69.4G [01:29<00:18, 655Mbyte/s]Writing:  83%|████████▎ | 57.7G/69.4G [01:30<00:22, 522Mbyte/s]Writing:  84%|████████▍ | 58.2G/69.4G [01:31<00:19, 576Mbyte/s]Writing:  84%|████████▍ | 58.3G/69.4G [01:31<00:20, 548Mbyte/s]Writing:  85%|████████▍ | 58.9G/69.4G [01:32<00:17, 617Mbyte/s]Writing:  86%|████████▌ | 59.4G/69.4G [01:33<00:17, 582Mbyte/s]Writing:  86%|████████▋ | 59.9G/69.4G [01:34<00:15, 621Mbyte/s]Writing:  87%|████████▋ | 60.5G/69.4G [01:34<00:13, 651Mbyte/s]Writing:  88%|████████▊ | 61.0G/69.4G [01:35<00:13, 616Mbyte/s]Writing:  89%|████████▊ | 61.6G/69.4G [01:36<00:12, 637Mbyte/s]Writing:  89%|████████▉ | 61.6G/69.4G [01:36<00:12, 599Mbyte/s]Writing:  90%|████████▉ | 62.2G/69.4G [01:37<00:12, 580Mbyte/s]Writing:  90%|█████████ | 62.8G/69.4G [01:39<00:13, 486Mbyte/s]Writing:  91%|█████████ | 63.3G/69.4G [01:40<00:11, 545Mbyte/s]Writing:  91%|█████████▏| 63.4G/69.4G [01:40<00:11, 532Mbyte/s]Writing:  92%|█████████▏| 63.9G/69.4G [01:40<00:09, 606Mbyte/s]Writing:  93%|█████████▎| 64.4G/69.4G [01:41<00:08, 576Mbyte/s]Writing:  94%|█████████▎| 65.0G/69.4G [01:42<00:07, 616Mbyte/s]Writing:  94%|█████████▍| 65.1G/69.4G [01:42<00:07, 597Mbyte/s]Writing:  95%|█████████▍| 65.6G/69.4G [01:43<00:05, 661Mbyte/s]Writing:  95%|█████████▌| 66.1G/69.4G [01:44<00:05, 618Mbyte/s]Writing:  96%|█████████▌| 66.7G/69.4G [01:45<00:04, 651Mbyte/s]Writing:  97%|█████████▋| 67.2G/69.4G [01:46<00:04, 532Mbyte/s]Writing:  98%|█████████▊| 67.7G/69.4G [01:47<00:02, 582Mbyte/s]Writing:  99%|█████████▉| 68.8G/69.4G [01:48<00:00, 622Mbyte/s]Writing: 100%|█████████▉| 69.3G/69.4G [01:49<00:00, 639Mbyte/s]Writing: 100%|██████████| 69.4G/69.4G [01:49<00:00, 631Mbyte/s]
INFO:hf-to-gguf:Model successfully exported to /models/Qwen3.6-35B-A3B-GGUF-imatrix/Qwen3.6-35B-A3B-F16.gguf
[q4km-imatrix] 2026-05-18 05:32:59 F16 GGUF ready: 65G
[q4km-imatrix] 2026-05-18 05:32:59 running imatrix calibration; if llama.cpp still has the Qwen3.6 tokenizer issue this will fail visibly
0.00.527.505 I common_init_result: fitting params to device memory ...
0.00.527.511 I common_init_result: (for bugs during this step try to reproduce them with -fit off, or provide --verbose logs if the bug only occurs with -fit on)
5.28.081.634 W llama_context: n_ctx_seq (512) < n_ctx_train (262144) -- the full capacity of the model will not be utilized
5.28.173.206 I 
5.28.175.093 I system_info: n_threads = 20 (n_threads_batch = 20) / 20 | CUDA : ARCHS = 500,610,700,750,800,860,890,1200 | USE_GRAPHS = 1 | PEER_MAX_BATCH_SIZE = 128 | BLACKWELL_NATIVE_FP4 = 1 | CPU : NEON = 1 | ARM_FMA = 1 | FP16_VA = 1 | MATMUL_INT8 = 1 | SVE = 1 | DOTPROD = 1 | SVE_CNT = 16 | OPENMP = 1 | REPACK = 1 | 
5.28.175.130 I compute_imatrix: tokenizing the input ..
5.31.666.209 I compute_imatrix: tokenization took 3491.07 ms
5.31.666.587 I compute_imatrix: computing over 200 chunks, n_ctx=512, batch_size=2048, n_seq=4
5.50.348.770 I compute_imatrix: 18.68 seconds per pass - ETA 15.57 minutes
[1]1.9748,[2]1.7762,[3]2.0554,[4]2.0785,[5]1.9994,[6]1.9494,[7]1.8807,[8]1.9435,5.58.109.106 W 
save_imatrix: saving imatrix using GGUF format with a different suffix than .gguf
5.58.109.109 W save_imatrix: if you want the previous imatrix format, use --output-format dat
5.58.109.111 I 
5.58.109.114 W save_imatrix: entry '             blk.38.ffn_gate_exps.weight' has partial data (92.97%)
5.58.109.115 W save_imatrix: entry '             blk.39.ffn_down_exps.weight' has partial data (95.70%)
5.58.109.116 W save_imatrix: entry '             blk.37.ffn_gate_exps.weight' has partial data (94.92%)
5.58.109.118 W save_imatrix: entry '               blk.36.ffn_up_exps.weight' has partial data (95.31%)
5.58.109.119 W save_imatrix: entry '             blk.35.ffn_down_exps.weight' has partial data (94.53%)
5.58.109.120 W save_imatrix: entry '             blk.35.ffn_gate_exps.weight' has partial data (94.53%)
5.58.109.122 W save_imatrix: entry '             blk.34.ffn_down_exps.weight' has partial data (95.31%)
5.58.109.123 W save_imatrix: entry '               blk.34.ffn_up_exps.weight' has partial data (95.31%)
5.58.109.125 W save_imatrix: entry '             blk.33.ffn_gate_exps.weight' has partial data (94.53%)
5.58.109.127 W save_imatrix: entry '             blk.32.ffn_down_exps.weight' has partial data (91.80%)
5.58.109.130 W save_imatrix: entry '             blk.31.ffn_down_exps.weight' has partial data (92.58%)
5.58.109.131 W save_imatrix: entry '             blk.31.ffn_gate_exps.weight' has partial data (92.58%)
5.58.109.134 W save_imatrix: entry '             blk.30.ffn_down_exps.weight' has partial data (89.06%)
5.58.109.137 W save_imatrix: entry '               blk.29.ffn_up_exps.weight' has partial data (93.36%)
5.58.109.137 W save_imatrix: entry '             blk.29.ffn_gate_exps.weight' has partial data (93.36%)
5.58.109.139 W save_imatrix: entry '             blk.28.ffn_down_exps.weight' has partial data (92.97%)
5.58.109.140 W save_imatrix: entry '               blk.28.ffn_up_exps.weight' has partial data (92.97%)
5.58.109.140 W save_imatrix: entry '             blk.28.ffn_gate_exps.weight' has partial data (92.97%)
5.58.109.144 W save_imatrix: entry '             blk.27.ffn_gate_exps.weight' has partial data (91.41%)
5.58.109.146 W save_imatrix: entry '               blk.26.ffn_up_exps.weight' has partial data (93.36%)
5.58.109.152 W save_imatrix: entry '             blk.24.ffn_gate_exps.weight' has partial data (96.09%)
5.58.109.156 W save_imatrix: entry '             blk.23.ffn_down_exps.weight' has partial data (94.92%)
5.58.109.157 W save_imatrix: entry '               blk.23.ffn_up_exps.weight' has partial data (94.92%)
5.58.109.157 W save_imatrix: entry '             blk.23.ffn_gate_exps.weight' has partial data (94.92%)
5.58.109.160 W save_imatrix: entry '             blk.32.ffn_gate_exps.weight' has partial data (91.80%)
5.58.109.161 W save_imatrix: entry '             blk.33.ffn_down_exps.weight' has partial data (94.53%)
5.58.109.162 W save_imatrix: entry '             blk.30.ffn_gate_exps.weight' has partial data (89.06%)
5.58.109.164 W save_imatrix: entry '             blk.21.ffn_down_exps.weight' has partial data (89.45%)
5.58.109.165 W save_imatrix: entry '               blk.21.ffn_up_exps.weight' has partial data (89.45%)
5.58.109.166 W save_imatrix: entry '             blk.26.ffn_gate_exps.weight' has partial data (93.36%)
5.58.109.167 W save_imatrix: entry '               blk.39.ffn_up_exps.weight' has partial data (95.70%)
5.58.109.168 W save_imatrix: entry '             blk.20.ffn_down_exps.weight' has partial data (96.88%)
5.58.109.170 W save_imatrix: entry '             blk.22.ffn_down_exps.weight' has partial data (96.48%)
5.58.109.171 W save_imatrix: entry '             blk.27.ffn_down_exps.weight' has partial data (91.41%)
5.58.109.172 W save_imatrix: entry '             blk.26.ffn_down_exps.weight' has partial data (93.36%)
5.58.109.174 W save_imatrix: entry '             blk.20.ffn_gate_exps.weight' has partial data (96.88%)
5.58.109.176 W save_imatrix: entry '               blk.22.ffn_up_exps.weight' has partial data (96.48%)
5.58.109.178 W save_imatrix: entry '              blk.7.ffn_down_exps.weight' has partial data (95.70%)
5.58.109.178 W save_imatrix: entry '             blk.36.ffn_gate_exps.weight' has partial data (95.31%)
5.58.109.181 W save_imatrix: entry '               blk.31.ffn_up_exps.weight' has partial data (92.58%)
5.58.109.183 W save_imatrix: entry '              blk.6.ffn_down_exps.weight' has partial data (98.83%)
5.58.109.183 W save_imatrix: entry '               blk.20.ffn_up_exps.weight' has partial data (96.88%)
5.58.109.184 W save_imatrix: entry '                blk.6.ffn_up_exps.weight' has partial data (98.83%)
5.58.109.185 W save_imatrix: entry '               blk.11.ffn_up_exps.weight' has partial data (94.14%)
5.58.109.186 W save_imatrix: entry '              blk.0.ffn_gate_exps.weight' has partial data (99.61%)
5.58.109.187 W save_imatrix: entry '             blk.37.ffn_down_exps.weight' has partial data (94.92%)
5.58.109.188 W save_imatrix: entry '              blk.9.ffn_gate_exps.weight' has partial data (93.36%)
5.58.109.192 W save_imatrix: entry '             blk.10.ffn_gate_exps.weight' has partial data (96.48%)
5.58.109.193 W save_imatrix: entry '                blk.9.ffn_up_exps.weight' has partial data (93.36%)
5.58.109.194 W save_imatrix: entry '             blk.12.ffn_gate_exps.weight' has partial data (92.19%)
5.58.109.195 W save_imatrix: entry '             blk.38.ffn_down_exps.weight' has partial data (92.97%)
5.58.109.196 W save_imatrix: entry '             blk.15.ffn_down_exps.weight' has partial data (88.67%)
5.58.109.199 W save_imatrix: entry '              blk.4.ffn_down_exps.weight' has partial data (98.05%)
5.58.109.201 W save_imatrix: entry '                blk.1.ffn_up_exps.weight' has partial data (98.44%)
5.58.109.201 W save_imatrix: entry '             blk.39.ffn_gate_exps.weight' has partial data (95.70%)
5.58.109.203 W save_imatrix: entry '                blk.5.ffn_up_exps.weight' has partial data (99.22%)
5.58.109.204 W save_imatrix: entry '              blk.8.ffn_gate_exps.weight' has partial data (95.31%)
5.58.109.207 W save_imatrix: entry '                blk.8.ffn_up_exps.weight' has partial data (95.31%)
5.58.109.207 W save_imatrix: entry '              blk.0.ffn_down_exps.weight' has partial data (99.61%)
5.58.109.210 W save_imatrix: entry '             blk.13.ffn_gate_exps.weight' has partial data (91.41%)
5.58.109.211 W save_imatrix: entry '             blk.21.ffn_gate_exps.weight' has partial data (89.45%)
5.58.109.212 W save_imatrix: entry '             blk.34.ffn_gate_exps.weight' has partial data (95.31%)
5.58.109.213 W save_imatrix: entry '              blk.7.ffn_gate_exps.weight' has partial data (95.70%)
5.58.109.214 W save_imatrix: entry '               blk.33.ffn_up_exps.weight' has partial data (94.53%)
5.58.109.216 W save_imatrix: entry '              blk.3.ffn_down_exps.weight' has partial data (98.44%)
5.58.109.216 W save_imatrix: entry '             blk.12.ffn_down_exps.weight' has partial data (92.19%)
5.58.109.217 W save_imatrix: entry '             blk.24.ffn_down_exps.weight' has partial data (96.09%)
5.58.109.219 W save_imatrix: entry '                blk.4.ffn_up_exps.weight' has partial data (98.05%)
5.58.109.220 W save_imatrix: entry '               blk.25.ffn_up_exps.weight' has partial data (94.14%)
5.58.109.223 W save_imatrix: entry '                blk.0.ffn_up_exps.weight' has partial data (99.61%)
5.58.109.223 W save_imatrix: entry '               blk.37.ffn_up_exps.weight' has partial data (94.92%)
5.58.109.224 W save_imatrix: entry '              blk.8.ffn_down_exps.weight' has partial data (95.31%)
5.58.109.225 W save_imatrix: entry '               blk.32.ffn_up_exps.weight' has partial data (91.80%)
5.58.109.227 W save_imatrix: entry '               blk.17.ffn_up_exps.weight' has partial data (91.02%)
5.58.109.228 W save_imatrix: entry '              blk.2.ffn_down_exps.weight' has partial data (99.61%)
5.58.109.230 W save_imatrix: entry '             blk.18.ffn_down_exps.weight' has partial data (91.02%)
5.58.109.231 W save_imatrix: entry '                blk.2.ffn_up_exps.weight' has partial data (99.61%)
5.58.109.232 W save_imatrix: entry '                blk.3.ffn_up_exps.weight' has partial data (98.44%)
5.58.109.234 W save_imatrix: entry '              blk.9.ffn_down_exps.weight' has partial data (93.36%)
5.58.109.234 W save_imatrix: entry '              blk.5.ffn_gate_exps.weight' has partial data (99.22%)
5.58.109.235 W save_imatrix: entry '               blk.38.ffn_up_exps.weight' has partial data (92.97%)
5.58.109.236 W save_imatrix: entry '             blk.29.ffn_down_exps.weight' has partial data (93.36%)
5.58.109.237 W save_imatrix: entry '              blk.3.ffn_gate_exps.weight' has partial data (98.44%)
5.58.109.238 W save_imatrix: entry '             blk.19.ffn_gate_exps.weight' has partial data (92.58%)
5.58.109.239 W save_imatrix: entry '              blk.6.ffn_gate_exps.weight' has partial data (98.83%)
5.58.109.239 W save_imatrix: entry '              blk.4.ffn_gate_exps.weight' has partial data (98.05%)
5.58.109.240 W save_imatrix: entry '                blk.7.ffn_up_exps.weight' has partial data (95.70%)
5.58.109.241 W save_imatrix: entry '               blk.18.ffn_up_exps.weight' has partial data (91.02%)
5.58.109.243 W save_imatrix: entry '               blk.27.ffn_up_exps.weight' has partial data (91.41%)
5.58.109.245 W save_imatrix: entry '             blk.25.ffn_down_exps.weight' has partial data (94.14%)
5.58.109.246 W save_imatrix: entry '             blk.14.ffn_gate_exps.weight' has partial data (90.62%)
5.58.109.247 W save_imatrix: entry '             blk.10.ffn_down_exps.weight' has partial data (96.48%)
5.58.109.248 W save_imatrix: entry '             blk.16.ffn_gate_exps.weight' has partial data (90.23%)
5.58.109.250 W save_imatrix: entry '               blk.30.ffn_up_exps.weight' has partial data (89.06%)
5.58.109.251 W save_imatrix: entry '              blk.5.ffn_down_exps.weight' has partial data (99.22%)
5.58.109.252 W save_imatrix: entry '             blk.36.ffn_down_exps.weight' has partial data (95.31%)
5.58.109.253 W save_imatrix: entry '             blk.11.ffn_down_exps.weight' has partial data (94.14%)
5.58.109.254 W save_imatrix: entry '               blk.16.ffn_up_exps.weight' has partial data (90.23%)
5.58.109.256 W save_imatrix: entry '             blk.18.ffn_gate_exps.weight' has partial data (91.02%)
5.58.109.258 W save_imatrix: entry '               blk.19.ffn_up_exps.weight' has partial data (92.58%)
5.58.109.259 W save_imatrix: entry '               blk.13.ffn_up_exps.weight' has partial data (91.41%)
5.58.109.261 W save_imatrix: entry '             blk.13.ffn_down_exps.weight' has partial data (91.41%)
5.58.109.263 W save_imatrix: entry '               blk.14.ffn_up_exps.weight' has partial data (90.62%)
5.58.109.264 W save_imatrix: entry '             blk.14.ffn_down_exps.weight' has partial data (90.62%)
5.58.109.264 W save_imatrix: entry '               blk.24.ffn_up_exps.weight' has partial data (96.09%)
5.58.109.265 W save_imatrix: entry '               blk.12.ffn_up_exps.weight' has partial data (92.19%)
5.58.109.266 W save_imatrix: entry '             blk.15.ffn_gate_exps.weight' has partial data (88.67%)
5.58.109.267 W save_imatrix: entry '               blk.10.ffn_up_exps.weight' has partial data (96.48%)
5.58.109.268 W save_imatrix: entry '               blk.15.ffn_up_exps.weight' has partial data (88.67%)
5.58.109.268 W save_imatrix: entry '             blk.22.ffn_gate_exps.weight' has partial data (96.48%)
5.58.109.269 W save_imatrix: entry '              blk.1.ffn_gate_exps.weight' has partial data (98.44%)
5.58.109.270 W save_imatrix: entry '              blk.1.ffn_down_exps.weight' has partial data (98.44%)
5.58.109.271 W save_imatrix: entry '             blk.16.ffn_down_exps.weight' has partial data (90.23%)
5.58.109.272 W save_imatrix: entry '             blk.11.ffn_gate_exps.weight' has partial data (94.14%)
5.58.109.273 W save_imatrix: entry '             blk.17.ffn_gate_exps.weight' has partial data (91.02%)
5.58.109.274 W save_imatrix: entry '               blk.35.ffn_up_exps.weight' has partial data (94.53%)
5.58.109.275 W save_imatrix: entry '             blk.17.ffn_down_exps.weight' has partial data (91.02%)
5.58.109.276 W save_imatrix: entry '             blk.25.ffn_gate_exps.weight' has partial data (94.14%)
5.58.109.276 W save_imatrix: entry '              blk.2.ffn_gate_exps.weight' has partial data (99.61%)
5.58.109.279 W save_imatrix: entry '             blk.19.ffn_down_exps.weight' has partial data (92.58%)

[9]1.9936,[10]1.9372,[11]1.9676,[12]1.9301,[13]1.9160,[14]1.9234,[15]2.0103,[16]2.0617,6.14.109.078 W 
save_imatrix: saving imatrix using GGUF format with a different suffix than .gguf
6.14.109.080 W save_imatrix: if you want the previous imatrix format, use --output-format dat
6.14.109.083 I 
6.14.109.086 W save_imatrix: entry '             blk.38.ffn_gate_exps.weight' has partial data (98.83%)
6.14.109.089 W save_imatrix: entry '             blk.37.ffn_gate_exps.weight' has partial data (99.61%)
6.14.109.092 W save_imatrix: entry '               blk.36.ffn_up_exps.weight' has partial data (99.61%)
6.14.109.093 W save_imatrix: entry '             blk.35.ffn_down_exps.weight' has partial data (99.22%)
6.14.109.093 W save_imatrix: entry '             blk.35.ffn_gate_exps.weight' has partial data (99.22%)
6.14.109.095 W save_imatrix: entry '             blk.34.ffn_down_exps.weight' has partial data (99.61%)
6.14.109.096 W save_imatrix: entry '               blk.34.ffn_up_exps.weight' has partial data (99.61%)
6.14.109.098 W save_imatrix: entry '             blk.33.ffn_gate_exps.weight' has partial data (99.22%)
6.14.109.101 W save_imatrix: entry '             blk.31.ffn_down_exps.weight' has partial data (99.22%)
6.14.109.102 W save_imatrix: entry '             blk.31.ffn_gate_exps.weight' has partial data (99.22%)
6.14.109.104 W save_imatrix: entry '             blk.30.ffn_down_exps.weight' has partial data (99.61%)
6.14.109.108 W save_imatrix: entry '             blk.28.ffn_down_exps.weight' has partial data (98.05%)
6.14.109.109 W save_imatrix: entry '               blk.28.ffn_up_exps.weight' has partial data (98.05%)
6.14.109.110 W save_imatrix: entry '             blk.28.ffn_gate_exps.weight' has partial data (98.05%)
6.14.109.112 W save_imatrix: entry '             blk.27.ffn_gate_exps.weight' has partial data (99.61%)
6.14.109.115 W save_imatrix: entry '               blk.26.ffn_up_exps.weight' has partial data (99.61%)
6.14.109.125 W save_imatrix: entry '             blk.23.ffn_down_exps.weight' has partial data (99.22%)
6.14.109.126 W save_imatrix: entry '               blk.23.ffn_up_exps.weight' has partial data (99.22%)
6.14.109.126 W save_imatrix: entry '             blk.23.ffn_gate_exps.weight' has partial data (99.22%)
6.14.109.129 W save_imatrix: entry '             blk.33.ffn_down_exps.weight' has partial data (99.22%)
6.14.109.130 W save_imatrix: entry '             blk.30.ffn_gate_exps.weight' has partial data (99.61%)
6.14.109.132 W save_imatrix: entry '             blk.21.ffn_down_exps.weight' has partial data (99.22%)
6.14.109.132 W save_imatrix: entry '               blk.21.ffn_up_exps.weight' has partial data (99.22%)
6.14.109.134 W save_imatrix: entry '             blk.26.ffn_gate_exps.weight' has partial data (99.61%)
6.14.109.138 W save_imatrix: entry '             blk.22.ffn_down_exps.weight' has partial data (99.61%)
6.14.109.139 W save_imatrix: entry '             blk.27.ffn_down_exps.weight' has partial data (99.61%)
6.14.109.140 W save_imatrix: entry '             blk.26.ffn_down_exps.weight' has partial data (99.61%)
6.14.109.144 W save_imatrix: entry '               blk.22.ffn_up_exps.weight' has partial data (99.61%)
6.14.109.145 W save_imatrix: entry '              blk.7.ffn_down_exps.weight' has partial data (99.61%)
6.14.109.146 W save_imatrix: entry '             blk.36.ffn_gate_exps.weight' has partial data (99.61%)
6.14.109.149 W save_imatrix: entry '               blk.31.ffn_up_exps.weight' has partial data (99.22%)
6.14.109.152 W save_imatrix: entry '               blk.11.ffn_up_exps.weight' has partial data (99.61%)
6.14.109.153 W save_imatrix: entry '              blk.0.ffn_gate_exps.weight' has partial data (99.61%)
6.14.109.154 W save_imatrix: entry '             blk.37.ffn_down_exps.weight' has partial data (99.61%)
6.14.109.154 W save_imatrix: entry '              blk.9.ffn_gate_exps.weight' has partial data (99.22%)
6.14.109.159 W save_imatrix: entry '                blk.9.ffn_up_exps.weight' has partial data (99.22%)
6.14.109.160 W save_imatrix: entry '             blk.12.ffn_gate_exps.weight' has partial data (99.61%)
6.14.109.160 W save_imatrix: entry '             blk.38.ffn_down_exps.weight' has partial data (98.83%)
6.14.109.161 W save_imatrix: entry '             blk.15.ffn_down_exps.weight' has partial data (98.83%)
6.14.109.169 W save_imatrix: entry '              blk.8.ffn_gate_exps.weight' has partial data (99.22%)
6.14.109.171 W save_imatrix: entry '                blk.8.ffn_up_exps.weight' has partial data (99.22%)
6.14.109.172 W save_imatrix: entry '              blk.0.ffn_down_exps.weight' has partial data (99.61%)
6.14.109.176 W save_imatrix: entry '             blk.13.ffn_gate_exps.weight' has partial data (98.44%)
6.14.109.176 W save_imatrix: entry '             blk.21.ffn_gate_exps.weight' has partial data (99.22%)
6.14.109.177 W save_imatrix: entry '             blk.34.ffn_gate_exps.weight' has partial data (99.61%)
6.14.109.178 W save_imatrix: entry '              blk.7.ffn_gate_exps.weight' has partial data (99.61%)
6.14.109.179 W save_imatrix: entry '               blk.33.ffn_up_exps.weight' has partial data (99.22%)
6.14.109.180 W save_imatrix: entry '             blk.12.ffn_down_exps.weight' has partial data (99.61%)
6.14.109.184 W save_imatrix: entry '               blk.25.ffn_up_exps.weight' has partial data (99.61%)
6.14.109.186 W save_imatrix: entry '                blk.0.ffn_up_exps.weight' has partial data (99.61%)
6.14.109.187 W save_imatrix: entry '               blk.37.ffn_up_exps.weight' has partial data (99.61%)
6.14.109.188 W save_imatrix: entry '              blk.8.ffn_down_exps.weight' has partial data (99.22%)
6.14.109.190 W save_imatrix: entry '               blk.17.ffn_up_exps.weight' has partial data (99.22%)
6.14.109.193 W save_imatrix: entry '             blk.18.ffn_down_exps.weight' has partial data (98.83%)
6.14.109.197 W save_imatrix: entry '              blk.9.ffn_down_exps.weight' has partial data (99.22%)
6.14.109.198 W save_imatrix: entry '               blk.38.ffn_up_exps.weight' has partial data (98.83%)
6.14.109.200 W save_imatrix: entry '             blk.19.ffn_gate_exps.weight' has partial data (97.66%)
6.14.109.201 W save_imatrix: entry '                blk.7.ffn_up_exps.weight' has partial data (99.61%)
6.14.109.203 W save_imatrix: entry '               blk.18.ffn_up_exps.weight' has partial data (98.83%)
6.14.109.204 W save_imatrix: entry '               blk.27.ffn_up_exps.weight' has partial data (99.61%)
6.14.109.206 W save_imatrix: entry '             blk.25.ffn_down_exps.weight' has partial data (99.61%)
6.14.109.207 W save_imatrix: entry '             blk.14.ffn_gate_exps.weight' has partial data (99.61%)
6.14.109.208 W save_imatrix: entry '             blk.16.ffn_gate_exps.weight' has partial data (98.05%)
6.14.109.211 W save_imatrix: entry '               blk.30.ffn_up_exps.weight' has partial data (99.61%)
6.14.109.213 W save_imatrix: entry '             blk.36.ffn_down_exps.weight' has partial data (99.61%)
6.14.109.214 W save_imatrix: entry '             blk.11.ffn_down_exps.weight' has partial data (99.61%)
6.14.109.215 W save_imatrix: entry '               blk.16.ffn_up_exps.weight' has partial data (98.05%)
6.14.109.216 W save_imatrix: entry '             blk.18.ffn_gate_exps.weight' has partial data (98.83%)
6.14.109.218 W save_imatrix: entry '               blk.19.ffn_up_exps.weight' has partial data (97.66%)
6.14.109.219 W save_imatrix: entry '               blk.13.ffn_up_exps.weight' has partial data (98.44%)
6.14.109.221 W save_imatrix: entry '             blk.13.ffn_down_exps.weight' has partial data (98.44%)
6.14.109.223 W save_imatrix: entry '               blk.14.ffn_up_exps.weight' has partial data (99.61%)
6.14.109.224 W save_imatrix: entry '             blk.14.ffn_down_exps.weight' has partial data (99.61%)
6.14.109.225 W save_imatrix: entry '               blk.12.ffn_up_exps.weight' has partial data (99.61%)
6.14.109.226 W save_imatrix: entry '             blk.15.ffn_gate_exps.weight' has partial data (98.83%)
6.14.109.227 W save_imatrix: entry '               blk.15.ffn_up_exps.weight' has partial data (98.83%)
6.14.109.228 W save_imatrix: entry '             blk.22.ffn_gate_exps.weight' has partial data (99.61%)
6.14.109.229 W save_imatrix: entry '             blk.16.ffn_down_exps.weight' has partial data (98.05%)
6.14.109.231 W save_imatrix: entry '             blk.11.ffn_gate_exps.weight' has partial data (99.61%)
6.14.109.232 W save_imatrix: entry '             blk.17.ffn_gate_exps.weight' has partial data (99.22%)
6.14.109.232 W save_imatrix: entry '               blk.35.ffn_up_exps.weight' has partial data (99.22%)
6.14.109.233 W save_imatrix: entry '             blk.17.ffn_down_exps.weight' has partial data (99.22%)
6.14.109.234 W save_imatrix: entry '             blk.25.ffn_gate_exps.weight' has partial data (99.61%)
6.14.109.237 W save_imatrix: entry '             blk.19.ffn_down_exps.weight' has partial data (97.66%)

[17]2.1006,[18]2.0904,[19]2.0854,[20]2.0388,[21]2.0744,[22]2.1104,[23]2.1024,[24]2.0746,[25]2.0842,[26]2.1305,[27]2.1685,[28]2.2069,6.29.908.330 W 
save_imatrix: saving imatrix using GGUF format with a different suffix than .gguf
6.29.908.332 W save_imatrix: if you want the previous imatrix format, use --output-format dat
6.29.908.336 I 
6.29.908.339 W save_imatrix: entry '             blk.38.ffn_gate_exps.weight' has partial data (99.61%)
6.29.908.341 W save_imatrix: entry '             blk.37.ffn_gate_exps.weight' has partial data (99.61%)
6.29.908.351 W save_imatrix: entry '             blk.33.ffn_gate_exps.weight' has partial data (99.61%)
6.29.908.359 W save_imatrix: entry '             blk.30.ffn_down_exps.weight' has partial data (99.61%)
6.29.908.364 W save_imatrix: entry '             blk.28.ffn_down_exps.weight' has partial data (99.61%)
6.29.908.365 W save_imatrix: entry '               blk.28.ffn_up_exps.weight' has partial data (99.61%)
6.29.908.366 W save_imatrix: entry '             blk.28.ffn_gate_exps.weight' has partial data (99.61%)
6.29.908.388 W save_imatrix: entry '             blk.33.ffn_down_exps.weight' has partial data (99.61%)
6.29.908.389 W save_imatrix: entry '             blk.30.ffn_gate_exps.weight' has partial data (99.61%)
6.29.908.391 W save_imatrix: entry '             blk.21.ffn_down_exps.weight' has partial data (99.61%)
6.29.908.392 W save_imatrix: entry '               blk.21.ffn_up_exps.weight' has partial data (99.61%)
6.29.908.412 W save_imatrix: entry '              blk.0.ffn_gate_exps.weight' has partial data (99.61%)
6.29.908.412 W save_imatrix: entry '             blk.37.ffn_down_exps.weight' has partial data (99.61%)
6.29.908.413 W save_imatrix: entry '              blk.9.ffn_gate_exps.weight' has partial data (99.61%)
6.29.908.419 W save_imatrix: entry '                blk.9.ffn_up_exps.weight' has partial data (99.61%)
6.29.908.421 W save_imatrix: entry '             blk.38.ffn_down_exps.weight' has partial data (99.61%)
6.29.908.431 W save_imatrix: entry '              blk.8.ffn_gate_exps.weight' has partial data (99.61%)
6.29.908.433 W save_imatrix: entry '                blk.8.ffn_up_exps.weight' has partial data (99.61%)
6.29.908.434 W save_imatrix: entry '              blk.0.ffn_down_exps.weight' has partial data (99.61%)
6.29.908.438 W save_imatrix: entry '             blk.13.ffn_gate_exps.weight' has partial data (99.61%)
6.29.908.439 W save_imatrix: entry '             blk.21.ffn_gate_exps.weight' has partial data (99.61%)
6.29.908.441 W save_imatrix: entry '               blk.33.ffn_up_exps.weight' has partial data (99.61%)
6.29.908.447 W save_imatrix: entry '               blk.25.ffn_up_exps.weight' has partial data (99.61%)
6.29.908.450 W save_imatrix: entry '                blk.0.ffn_up_exps.weight' has partial data (99.61%)
6.29.908.450 W save_imatrix: entry '               blk.37.ffn_up_exps.weight' has partial data (99.61%)
6.29.908.451 W save_imatrix: entry '              blk.8.ffn_down_exps.weight' has partial data (99.61%)
6.29.908.454 W save_imatrix: entry '               blk.17.ffn_up_exps.weight' has partial data (99.22%)
6.29.908.457 W save_imatrix: entry '             blk.18.ffn_down_exps.weight' has partial data (99.61%)
6.29.908.461 W save_imatrix: entry '              blk.9.ffn_down_exps.weight' has partial data (99.61%)
6.29.908.462 W save_imatrix: entry '               blk.38.ffn_up_exps.weight' has partial data (99.61%)
6.29.908.467 W save_imatrix: entry '               blk.18.ffn_up_exps.weight' has partial data (99.61%)
6.29.908.470 W save_imatrix: entry '             blk.25.ffn_down_exps.weight' has partial data (99.61%)
6.29.908.473 W save_imatrix: entry '             blk.16.ffn_gate_exps.weight' has partial data (98.83%)
6.29.908.475 W save_imatrix: entry '               blk.30.ffn_up_exps.weight' has partial data (99.61%)
6.29.908.479 W save_imatrix: entry '               blk.16.ffn_up_exps.weight' has partial data (98.83%)
6.29.908.481 W save_imatrix: entry '             blk.18.ffn_gate_exps.weight' has partial data (99.61%)
6.29.908.484 W save_imatrix: entry '               blk.13.ffn_up_exps.weight' has partial data (99.61%)
6.29.908.486 W save_imatrix: entry '             blk.13.ffn_down_exps.weight' has partial data (99.61%)
6.29.908.493 W save_imatrix: entry '             blk.16.ffn_down_exps.weight' has partial data (98.83%)
6.29.908.495 W save_imatrix: entry '             blk.17.ffn_gate_exps.weight' has partial data (99.22%)
6.29.908.496 W save_imatrix: entry '             blk.17.ffn_down_exps.weight' has partial data (99.22%)
6.29.908.498 W save_imatrix: entry '             blk.25.ffn_gate_exps.weight' has partial data (99.61%)

[29]2.2522,[30]2.3259,[31]2.3793,[32]2.4028,[33]2.4306,[34]2.4458,[35]2.4376,[36]2.4660,6.45.454.386 W 
save_imatrix: saving imatrix using GGUF format with a different suffix than .gguf
6.45.454.388 W save_imatrix: if you want the previous imatrix format, use --output-format dat
6.45.454.391 I 
6.45.454.394 W save_imatrix: entry '             blk.38.ffn_gate_exps.weight' has partial data (99.61%)
6.45.454.410 W save_imatrix: entry '             blk.30.ffn_down_exps.weight' has partial data (99.61%)
6.45.454.433 W save_imatrix: entry '             blk.30.ffn_gate_exps.weight' has partial data (99.61%)
6.45.454.435 W save_imatrix: entry '             blk.21.ffn_down_exps.weight' has partial data (99.61%)
6.45.454.436 W save_imatrix: entry '               blk.21.ffn_up_exps.weight' has partial data (99.61%)
6.45.454.454 W save_imatrix: entry '              blk.9.ffn_gate_exps.weight' has partial data (99.61%)
6.45.454.459 W save_imatrix: entry '                blk.9.ffn_up_exps.weight' has partial data (99.61%)
6.45.454.460 W save_imatrix: entry '             blk.38.ffn_down_exps.weight' has partial data (99.61%)
6.45.454.475 W save_imatrix: entry '             blk.21.ffn_gate_exps.weight' has partial data (99.61%)
6.45.454.482 W save_imatrix: entry '               blk.25.ffn_up_exps.weight' has partial data (99.61%)
6.45.454.488 W save_imatrix: entry '               blk.17.ffn_up_exps.weight' has partial data (99.61%)
6.45.454.493 W save_imatrix: entry '              blk.9.ffn_down_exps.weight' has partial data (99.61%)
6.45.454.494 W save_imatrix: entry '               blk.38.ffn_up_exps.weight' has partial data (99.61%)
6.45.454.501 W save_imatrix: entry '             blk.25.ffn_down_exps.weight' has partial data (99.61%)
6.45.454.505 W save_imatrix: entry '               blk.30.ffn_up_exps.weight' has partial data (99.61%)
6.45.454.523 W save_imatrix: entry '             blk.17.ffn_gate_exps.weight' has partial data (99.61%)
6.45.454.524 W save_imatrix: entry '             blk.17.ffn_down_exps.weight' has partial data (99.61%)
6.45.454.525 W save_imatrix: entry '             blk.25.ffn_gate_exps.weight' has partial data (99.61%)

[37]2.5092,[38]2.5366,[39]2.5973,[40]2.6242,[41]2.6230,[42]2.6423,[43]2.6394,[44]2.6577,[45]2.6892,[46]2.7015,[47]2.7240,[48]2.7286,7.01.183.380 W 
save_imatrix: saving imatrix using GGUF format with a different suffix than .gguf
7.01.183.382 W save_imatrix: if you want the previous imatrix format, use --output-format dat
7.01.183.426 I 
7.01.183.428 W save_imatrix: entry '             blk.21.ffn_down_exps.weight' has partial data (99.61%)
7.01.183.429 W save_imatrix: entry '               blk.21.ffn_up_exps.weight' has partial data (99.61%)
7.01.183.448 W save_imatrix: entry '              blk.9.ffn_gate_exps.weight' has partial data (99.61%)
7.01.183.453 W save_imatrix: entry '                blk.9.ffn_up_exps.weight' has partial data (99.61%)
7.01.183.468 W save_imatrix: entry '             blk.21.ffn_gate_exps.weight' has partial data (99.61%)
7.01.183.474 W save_imatrix: entry '               blk.25.ffn_up_exps.weight' has partial data (99.61%)
7.01.183.485 W save_imatrix: entry '              blk.9.ffn_down_exps.weight' has partial data (99.61%)
7.01.183.493 W save_imatrix: entry '             blk.25.ffn_down_exps.weight' has partial data (99.61%)
7.01.183.516 W save_imatrix: entry '             blk.25.ffn_gate_exps.weight' has partial data (99.61%)

[49]2.7590,[50]2.7688,[51]2.7592,[52]2.7486,[53]2.7211,[54]2.7062,[55]2.6914,[56]2.6819,7.16.845.995 W 
save_imatrix: saving imatrix using GGUF format with a different suffix than .gguf
7.16.845.997 W save_imatrix: if you want the previous imatrix format, use --output-format dat
7.16.846.058 I 
7.16.846.061 W save_imatrix: entry '              blk.9.ffn_gate_exps.weight' has partial data (99.61%)
7.16.846.066 W save_imatrix: entry '                blk.9.ffn_up_exps.weight' has partial data (99.61%)
7.16.846.088 W save_imatrix: entry '               blk.25.ffn_up_exps.weight' has partial data (99.61%)
7.16.846.099 W save_imatrix: entry '              blk.9.ffn_down_exps.weight' has partial data (99.61%)
7.16.846.107 W save_imatrix: entry '             blk.25.ffn_down_exps.weight' has partial data (99.61%)
7.16.846.129 W save_imatrix: entry '             blk.25.ffn_gate_exps.weight' has partial data (99.61%)

[57]2.6848,[58]2.6766,[59]2.6803,[60]2.6642,[61]2.6573,[62]2.6596,[63]2.6537,[64]2.6587,[65]2.6696,[66]2.6707,[67]2.6606,[68]2.6796,7.32.596.952 W 
save_imatrix: saving imatrix using GGUF format with a different suffix than .gguf
7.32.596.955 W save_imatrix: if you want the previous imatrix format, use --output-format dat
7.32.597.018 I 
7.32.597.022 W save_imatrix: entry '              blk.9.ffn_gate_exps.weight' has partial data (99.61%)
7.32.597.028 W save_imatrix: entry '                blk.9.ffn_up_exps.weight' has partial data (99.61%)
7.32.597.051 W save_imatrix: entry '               blk.25.ffn_up_exps.weight' has partial data (99.61%)
7.32.597.064 W save_imatrix: entry '              blk.9.ffn_down_exps.weight' has partial data (99.61%)
7.32.597.072 W save_imatrix: entry '             blk.25.ffn_down_exps.weight' has partial data (99.61%)
7.32.597.096 W save_imatrix: entry '             blk.25.ffn_gate_exps.weight' has partial data (99.61%)

[69]2.6844,[70]2.6784,[71]2.6511,[72]2.6517,[73]2.6464,[74]2.6498,[75]2.6500,[76]2.6414,7.48.521.792 W 
save_imatrix: saving imatrix using GGUF format with a different suffix than .gguf
7.48.521.794 W save_imatrix: if you want the previous imatrix format, use --output-format dat
7.48.521.865 I 
7.48.521.868 W save_imatrix: entry '              blk.9.ffn_gate_exps.weight' has partial data (99.61%)
7.48.521.874 W save_imatrix: entry '                blk.9.ffn_up_exps.weight' has partial data (99.61%)
7.48.521.900 W save_imatrix: entry '               blk.25.ffn_up_exps.weight' has partial data (99.61%)
7.48.521.913 W save_imatrix: entry '              blk.9.ffn_down_exps.weight' has partial data (99.61%)
7.48.521.921 W save_imatrix: entry '             blk.25.ffn_down_exps.weight' has partial data (99.61%)
7.48.521.948 W save_imatrix: entry '             blk.25.ffn_gate_exps.weight' has partial data (99.61%)

[77]2.6323,[78]2.6347,[79]2.6303,[80]2.6282,[81]2.6270,[82]2.6381,[83]2.6703,[84]2.7040,[85]2.7304,[86]2.7672,[87]2.7917,[88]2.8539,8.04.326.497 W 
save_imatrix: saving imatrix using GGUF format with a different suffix than .gguf
8.04.326.499 W save_imatrix: if you want the previous imatrix format, use --output-format dat
8.04.326.588 I 
8.04.326.590 W save_imatrix: entry '               blk.25.ffn_up_exps.weight' has partial data (99.61%)
8.04.326.609 W save_imatrix: entry '             blk.25.ffn_down_exps.weight' has partial data (99.61%)
8.04.326.632 W save_imatrix: entry '             blk.25.ffn_gate_exps.weight' has partial data (99.61%)

[89]2.8771,[90]2.8963,[91]2.9222,[92]2.9599,[93]2.9887,[94]3.0022,[95]3.0490,[96]3.0791,8.19.933.574 W 
save_imatrix: saving imatrix using GGUF format with a different suffix than .gguf
8.19.933.576 W save_imatrix: if you want the previous imatrix format, use --output-format dat

[97]3.1074,[98]3.1302,[99]3.1494,[100]3.1775,[101]3.2107,[102]3.2560,[103]3.2802,[104]3.3185,[105]3.3394,[106]3.3399,[107]3.3570,[108]3.3721,8.35.661.366 W 
save_imatrix: saving imatrix using GGUF format with a different suffix than .gguf
8.35.661.368 W save_imatrix: if you want the previous imatrix format, use --output-format dat

[109]3.3912,[110]3.3979,[111]3.4172,[112]3.4177,[113]3.4212,[114]3.4315,[115]3.4430,[116]3.4661,8.51.192.469 W 
save_imatrix: saving imatrix using GGUF format with a different suffix than .gguf
8.51.192.471 W save_imatrix: if you want the previous imatrix format, use --output-format dat

[117]3.4880,[118]3.5021,[119]3.5183,[120]3.5260,[121]3.5496,[122]3.5698,[123]3.6152,[124]3.6348,[125]3.6589,[126]3.6641,[127]3.6834,[128]3.6867,9.07.056.923 W 
save_imatrix: saving imatrix using GGUF format with a different suffix than .gguf
9.07.056.925 W save_imatrix: if you want the previous imatrix format, use --output-format dat

[129]3.6932,[130]3.6883,[131]3.7086,[132]3.7133,[133]3.7345,[134]3.7520,[135]3.7678,[136]3.7833,9.22.598.615 W 
save_imatrix: saving imatrix using GGUF format with a different suffix than .gguf
9.22.598.618 W save_imatrix: if you want the previous imatrix format, use --output-format dat

[137]3.7863,[138]3.7976,[139]3.8123,[140]3.8341,[141]3.8620,[142]3.8786,[143]3.8842,[144]3.9016,[145]3.9062,[146]3.9087,[147]3.9138,[148]3.9297,9.38.269.456 W 
save_imatrix: saving imatrix using GGUF format with a different suffix than .gguf
9.38.269.458 W save_imatrix: if you want the previous imatrix format, use --output-format dat

[149]3.9303,[150]3.9184,[151]3.9283,[152]3.9030,[153]3.8749,[154]3.8532,[155]3.8327,[156]3.8114,9.53.613.670 W 
save_imatrix: saving imatrix using GGUF format with a different suffix than .gguf
9.53.613.673 W save_imatrix: if you want the previous imatrix format, use --output-format dat

[157]3.8234,[158]3.8224,[159]3.8067,[160]3.8047,[161]3.7811,[162]3.7925,[163]3.7789,[164]3.7641,[165]3.7454,[166]3.7284,[167]3.7414,[168]3.7281,10.09.000.725 W 
save_imatrix: saving imatrix using GGUF format with a different suffix than .gguf
10.09.000.727 W save_imatrix: if you want the previous imatrix format, use --output-format dat

[169]3.7360,[170]3.7304,[171]3.7450,[172]3.7610,[173]3.7700,[174]3.7872,[175]3.8041,[176]3.8229,10.24.558.954 W 
save_imatrix: saving imatrix using GGUF format with a different suffix than .gguf
10.24.558.959 W save_imatrix: if you want the previous imatrix format, use --output-format dat

[177]3.8475,[178]3.8718,[179]3.8988,[180]3.9143,[181]3.9219,[182]3.9244,[183]3.9293,[184]3.9423,[185]3.9529,[186]3.9643,[187]3.9755,[188]3.9877,10.40.478.378 W 
save_imatrix: saving imatrix using GGUF format with a different suffix than .gguf
10.40.478.381 W save_imatrix: if you want the previous imatrix format, use --output-format dat

[189]4.0096,[190]4.0212,[191]4.0244,[192]4.0289,[193]4.0480,[194]4.0691,[195]4.0822,[196]4.0794,10.56.219.772 W 
save_imatrix: saving imatrix using GGUF format with a different suffix than .gguf
10.56.219.775 W save_imatrix: if you want the previous imatrix format, use --output-format dat

[197]4.0756,[198]4.0759,[199]4.0792,[200]4.0977,
Final estimate: PPL = 4.0977 +/- 0.03932
10.58.055.881 W 
save_imatrix: saving imatrix using GGUF format with a different suffix than .gguf
10.58.055.885 W save_imatrix: if you want the previous imatrix format, use --output-format dat


[q4km-imatrix] 2026-05-18 05:44:00 imatrix ready: 184M
[q4km-imatrix] 2026-05-18 05:44:00 quantizing Q4_K_M with imatrix
ggml_cuda_init: found 1 CUDA devices (Total VRAM: 122500 MiB):
  Device 0: NVIDIA GB10, compute capability 12.1, VMM: yes, VRAM: 122500 MiB
load_backend: loaded CUDA backend from /app/libggml-cuda.so
load_backend: loaded CPU backend from /app/libggml-cpu-armv8.6_2.so
llama_print_build_info: build = 9159 (5c0e94683)
llama_print_build_info: built with GNU 14.2.0 for Linux aarch64
main: quantizing '/models/Qwen3.6-35B-A3B-GGUF-imatrix/Qwen3.6-35B-A3B-F16.gguf' to '/models/Qwen3.6-35B-A3B-GGUF-imatrix/Qwen3.6-35B-A3B-Q4_K_M-imatrix.gguf' as Q4_K_M
llama_model_loader: loaded meta data with 45 key-value pairs and 733 tensors from /models/Qwen3.6-35B-A3B-GGUF-imatrix/Qwen3.6-35B-A3B-F16.gguf (version GGUF V3 (latest))
llama_model_loader: Dumping metadata keys/values. Note: KV overrides do not apply in this output.
llama_model_loader: - kv   0:                       general.architecture str              = qwen35moe
llama_model_loader: - kv   1:                               general.type str              = model
llama_model_loader: - kv   2:                     general.sampling.top_k i32              = 20
llama_model_loader: - kv   3:                     general.sampling.top_p f32              = 0.950000
llama_model_loader: - kv   4:                      general.sampling.temp f32              = 1.000000
llama_model_loader: - kv   5:                               general.name str              = Qwen3.6 35B A3B BF16 Official N5
llama_model_loader: - kv   6:                           general.finetune str              = official-n5
llama_model_loader: - kv   7:                           general.basename str              = Qwen3.6
llama_model_loader: - kv   8:                         general.size_label str              = 35B-A3B
llama_model_loader: - kv   9:                            general.license str              = apache-2.0
llama_model_loader: - kv  10:                       general.license.link str              = https://huggingface.co/Qwen/Qwen3.6-3...
llama_model_loader: - kv  11:                               general.tags arr[str,1]       = ["image-text-to-text"]
llama_model_loader: - kv  12:                      qwen35moe.block_count u32              = 40
llama_model_loader: - kv  13:                   qwen35moe.context_length u32              = 262144
llama_model_loader: - kv  14:                 qwen35moe.embedding_length u32              = 2048
llama_model_loader: - kv  15:             qwen35moe.attention.head_count u32              = 16
llama_model_loader: - kv  16:          qwen35moe.attention.head_count_kv u32              = 2
llama_model_loader: - kv  17:          qwen35moe.rope.dimension_sections arr[i32,4]       = [11, 11, 10, 0]
llama_model_loader: - kv  18:                   qwen35moe.rope.freq_base f32              = 10000000.000000
llama_model_loader: - kv  19: qwen35moe.attention.layer_norm_rms_epsilon f32              = 0.000001
llama_model_loader: - kv  20:                     qwen35moe.expert_count u32              = 256
llama_model_loader: - kv  21:                qwen35moe.expert_used_count u32              = 8
llama_model_loader: - kv  22:             qwen35moe.attention.key_length u32              = 256
llama_model_loader: - kv  23:           qwen35moe.attention.value_length u32              = 256
llama_model_loader: - kv  24:                          general.file_type u32              = 1
llama_model_loader: - kv  25:       qwen35moe.expert_feed_forward_length u32              = 512
llama_model_loader: - kv  26: qwen35moe.expert_shared_feed_forward_length u32              = 512
llama_model_loader: - kv  27:                  qwen35moe.ssm.conv_kernel u32              = 4
llama_model_loader: - kv  28:                   qwen35moe.ssm.state_size u32              = 128
llama_model_loader: - kv  29:                  qwen35moe.ssm.group_count u32              = 16
llama_model_loader: - kv  30:               qwen35moe.ssm.time_step_rank u32              = 32
llama_model_loader: - kv  31:                   qwen35moe.ssm.inner_size u32              = 4096
llama_model_loader: - kv  32:          qwen35moe.full_attention_interval u32              = 4
llama_model_loader: - kv  33:             qwen35moe.rope.dimension_count u32              = 64
llama_model_loader: - kv  34:               general.quantization_version u32              = 2
llama_model_loader: - kv  35:                       tokenizer.ggml.model str              = gpt2
llama_model_loader: - kv  36:                         tokenizer.ggml.pre str              = qwen35
llama_model_loader: - kv  37:                      tokenizer.ggml.tokens arr[str,248320]  = ["!", "\"", "#", "$", "%", "&", "'", ...
llama_model_loader: - kv  38:                  tokenizer.ggml.token_type arr[i32,248320]  = [1, 1, 1, 1, 1, 1, 1, 1, 1, 1, 1, 1, ...
llama_model_loader: - kv  39:                      tokenizer.ggml.merges arr[str,247587]  = ["Ġ Ġ", "ĠĠ ĠĠ", "i n", "Ġ t",...
llama_model_loader: - kv  40:                tokenizer.ggml.eos_token_id u32              = 248046
llama_model_loader: - kv  41:            tokenizer.ggml.padding_token_id u32              = 248044
llama_model_loader: - kv  42:                tokenizer.ggml.bos_token_id u32              = 248044
llama_model_loader: - kv  43:               tokenizer.ggml.add_bos_token bool             = false
llama_model_loader: - kv  44:                    tokenizer.chat_template str              = {%- set image_count = namespace(value...
llama_model_loader: - type  f32:  301 tensors
llama_model_loader: - type  f16:  432 tensors

llama_model_quantize_impl: have importance matrix data with 510 entries
[   1/ 733] output.weight                        - [  2048, 248320,      1,      1], type =    f16, 
====== llama_model_quantize_impl: did not find weights for output.weight
load_imatrix: imatrix datasets=['/calib/calib_combined.txt']
load_imatrix: loaded 510 importance matrix entries from /models/Qwen3.6-35B-A3B-GGUF-imatrix/Qwen3.6-35B-A3B.imatrix computed on 200 chunks
prepare_imatrix: have 510 importance matrix entries
converting to q6_K .. size =   970.00 MiB ->   397.85 MiB
[   2/ 733] output_norm.weight                   - [  2048,      1,      1,      1], type =    f32, size =    0.008 MiB
[   3/ 733] token_embd.weight                    - [  2048, 248320,      1,      1], type =    f16, 
====== llama_model_quantize_impl: did not find weights for token_embd.weight
converting to q4_K .. size =   970.00 MiB ->   272.81 MiB
[   4/ 733] blk.0.attn_gate.weight               - [  2048,   4096,      1,      1], type =    f16, converting to q4_K .. size =    16.00 MiB ->     4.50 MiB
[   5/ 733] blk.0.attn_norm.weight               - [  2048,      1,      1,      1], type =    f32, size =    0.008 MiB
[   6/ 733] blk.0.attn_qkv.weight                - [  2048,   8192,      1,      1], type =    f16, converting to q6_K .. size =    32.00 MiB ->    13.12 MiB
[   7/ 733] blk.0.ffn_down_exps.weight           - [   512,   2048,    256,      1], type =    f16, converting to q6_K .. size =   512.00 MiB ->   210.00 MiB
[   8/ 733] blk.0.ffn_down_shexp.weight          - [   512,   2048,      1,      1], type =    f16, converting to q6_K .. size =     2.00 MiB ->     0.82 MiB
[   9/ 733] blk.0.ffn_gate_exps.weight           - [  2048,    512,    256,      1], type =    f16, converting to q4_K .. size =   512.00 MiB ->   144.00 MiB
[  10/ 733] blk.0.ffn_gate_inp.weight            - [  2048,    256,      1,      1], type =    f32, size =    2.000 MiB
[  11/ 733] blk.0.ffn_gate_inp_shexp.weight      - [  2048,      1,      1,      1], type =    f32, size =    0.008 MiB
[  12/ 733] blk.0.ffn_gate_shexp.weight          - [  2048,    512,      1,      1], type =    f16, converting to q4_K .. size =     2.00 MiB ->     0.56 MiB
[  13/ 733] blk.0.ffn_up_exps.weight             - [  2048,    512,    256,      1], type =    f16, converting to q4_K .. size =   512.00 MiB ->   144.00 MiB
[  14/ 733] blk.0.ffn_up_shexp.weight            - [  2048,    512,      1,      1], type =    f16, converting to q4_K .. size =     2.00 MiB ->     0.56 MiB
[  15/ 733] blk.0.post_attention_norm.weight     - [  2048,      1,      1,      1], type =    f32, size =    0.008 MiB
[  16/ 733] blk.0.ssm_a                          - [    32,      1,      1,      1], type =    f32, size =    0.000 MiB
[  17/ 733] blk.0.ssm_alpha.weight               - [  2048,     32,      1,      1], type =    f16, converting to q4_K .. size =     0.12 MiB ->     0.04 MiB
[  18/ 733] blk.0.ssm_beta.weight                - [  2048,     32,      1,      1], type =    f16, converting to q4_K .. size =     0.12 MiB ->     0.04 MiB
[  19/ 733] blk.0.ssm_conv1d.weight              - [     4,   8192,      1,      1], type =    f32, size =    0.125 MiB
[  20/ 733] blk.0.ssm_dt.bias                    - [    32,      1,      1,      1], type =    f32, size =    0.000 MiB
[  21/ 733] blk.0.ssm_norm.weight                - [   128,      1,      1,      1], type =    f32, size =    0.000 MiB
[  22/ 733] blk.0.ssm_out.weight                 - [  4096,   2048,      1,      1], type =    f16, converting to q4_K .. size =    16.00 MiB ->     4.50 MiB
[  23/ 733] blk.1.attn_gate.weight               - [  2048,   4096,      1,      1], type =    f16, converting to q4_K .. size =    16.00 MiB ->     4.50 MiB
[  24/ 733] blk.1.attn_norm.weight               - [  2048,      1,      1,      1], type =    f32, size =    0.008 MiB
[  25/ 733] blk.1.attn_qkv.weight                - [  2048,   8192,      1,      1], type =    f16, converting to q6_K .. size =    32.00 MiB ->    13.12 MiB
[  26/ 733] blk.1.ffn_down_exps.weight           - [   512,   2048,    256,      1], type =    f16, converting to q6_K .. size =   512.00 MiB ->   210.00 MiB
[  27/ 733] blk.1.ffn_down_shexp.weight          - [   512,   2048,      1,      1], type =    f16, converting to q6_K .. size =     2.00 MiB ->     0.82 MiB
[  28/ 733] blk.1.ffn_gate_exps.weight           - [  2048,    512,    256,      1], type =    f16, converting to q4_K .. size =   512.00 MiB ->   144.00 MiB
[  29/ 733] blk.1.ffn_gate_inp.weight            - [  2048,    256,      1,      1], type =    f32, size =    2.000 MiB
[  30/ 733] blk.1.ffn_gate_inp_shexp.weight      - [  2048,      1,      1,      1], type =    f32, size =    0.008 MiB
[  31/ 733] blk.1.ffn_gate_shexp.weight          - [  2048,    512,      1,      1], type =    f16, converting to q4_K .. size =     2.00 MiB ->     0.56 MiB
[  32/ 733] blk.1.ffn_up_exps.weight             - [  2048,    512,    256,      1], type =    f16, converting to q4_K .. size =   512.00 MiB ->   144.00 MiB
[  33/ 733] blk.1.ffn_up_shexp.weight            - [  2048,    512,      1,      1], type =    f16, converting to q4_K .. size =     2.00 MiB ->     0.56 MiB
[  34/ 733] blk.1.post_attention_norm.weight     - [  2048,      1,      1,      1], type =    f32, size =    0.008 MiB
[  35/ 733] blk.1.ssm_a                          - [    32,      1,      1,      1], type =    f32, size =    0.000 MiB
[  36/ 733] blk.1.ssm_alpha.weight               - [  2048,     32,      1,      1], type =    f16, converting to q4_K .. size =     0.12 MiB ->     0.04 MiB
[  37/ 733] blk.1.ssm_beta.weight                - [  2048,     32,      1,      1], type =    f16, converting to q4_K .. size =     0.12 MiB ->     0.04 MiB
[  38/ 733] blk.1.ssm_conv1d.weight              - [     4,   8192,      1,      1], type =    f32, size =    0.125 MiB
[  39/ 733] blk.1.ssm_dt.bias                    - [    32,      1,      1,      1], type =    f32, size =    0.000 MiB
[  40/ 733] blk.1.ssm_norm.weight                - [   128,      1,      1,      1], type =    f32, size =    0.000 MiB
[  41/ 733] blk.1.ssm_out.weight                 - [  4096,   2048,      1,      1], type =    f16, converting to q4_K .. size =    16.00 MiB ->     4.50 MiB
[  42/ 733] blk.2.attn_gate.weight               - [  2048,   4096,      1,      1], type =    f16, converting to q4_K .. size =    16.00 MiB ->     4.50 MiB
[  43/ 733] blk.2.attn_norm.weight               - [  2048,      1,      1,      1], type =    f32, size =    0.008 MiB
[  44/ 733] blk.2.attn_qkv.weight                - [  2048,   8192,      1,      1], type =    f16, converting to q6_K .. size =    32.00 MiB ->    13.12 MiB
[  45/ 733] blk.2.ffn_down_exps.weight           - [   512,   2048,    256,      1], type =    f16, converting to q6_K .. size =   512.00 MiB ->   210.00 MiB
[  46/ 733] blk.2.ffn_down_shexp.weight          - [   512,   2048,      1,      1], type =    f16, converting to q6_K .. size =     2.00 MiB ->     0.82 MiB
[  47/ 733] blk.2.ffn_gate_exps.weight           - [  2048,    512,    256,      1], type =    f16, converting to q4_K .. size =   512.00 MiB ->   144.00 MiB
[  48/ 733] blk.2.ffn_gate_inp.weight            - [  2048,    256,      1,      1], type =    f32, size =    2.000 MiB
[  49/ 733] blk.2.ffn_gate_inp_shexp.weight      - [  2048,      1,      1,      1], type =    f32, size =    0.008 MiB
[  50/ 733] blk.2.ffn_gate_shexp.weight          - [  2048,    512,      1,      1], type =    f16, converting to q4_K .. size =     2.00 MiB ->     0.56 MiB
[  51/ 733] blk.2.ffn_up_exps.weight             - [  2048,    512,    256,      1], type =    f16, converting to q4_K .. size =   512.00 MiB ->   144.00 MiB
[  52/ 733] blk.2.ffn_up_shexp.weight            - [  2048,    512,      1,      1], type =    f16, converting to q4_K .. size =     2.00 MiB ->     0.56 MiB
[  53/ 733] blk.2.post_attention_norm.weight     - [  2048,      1,      1,      1], type =    f32, size =    0.008 MiB
[  54/ 733] blk.2.ssm_a                          - [    32,      1,      1,      1], type =    f32, size =    0.000 MiB
[  55/ 733] blk.2.ssm_alpha.weight               - [  2048,     32,      1,      1], type =    f16, converting to q4_K .. size =     0.12 MiB ->     0.04 MiB
[  56/ 733] blk.2.ssm_beta.weight                - [  2048,     32,      1,      1], type =    f16, converting to q4_K .. size =     0.12 MiB ->     0.04 MiB
[  57/ 733] blk.2.ssm_conv1d.weight              - [     4,   8192,      1,      1], type =    f32, size =    0.125 MiB
[  58/ 733] blk.2.ssm_dt.bias                    - [    32,      1,      1,      1], type =    f32, size =    0.000 MiB
[  59/ 733] blk.2.ssm_norm.weight                - [   128,      1,      1,      1], type =    f32, size =    0.000 MiB
[  60/ 733] blk.2.ssm_out.weight                 - [  4096,   2048,      1,      1], type =    f16, converting to q4_K .. size =    16.00 MiB ->     4.50 MiB
[  61/ 733] blk.3.attn_k.weight                  - [  2048,    512,      1,      1], type =    f16, converting to q4_K .. size =     2.00 MiB ->     0.56 MiB
[  62/ 733] blk.3.attn_k_norm.weight             - [   256,      1,      1,      1], type =    f32, size =    0.001 MiB
[  63/ 733] blk.3.attn_norm.weight               - [  2048,      1,      1,      1], type =    f32, size =    0.008 MiB
[  64/ 733] blk.3.attn_output.weight             - [  4096,   2048,      1,      1], type =    f16, converting to q4_K .. size =    16.00 MiB ->     4.50 MiB
[  65/ 733] blk.3.attn_q.weight                  - [  2048,   8192,      1,      1], type =    f16, converting to q4_K .. size =    32.00 MiB ->     9.00 MiB
[  66/ 733] blk.3.attn_q_norm.weight             - [   256,      1,      1,      1], type =    f32, size =    0.001 MiB
[  67/ 733] blk.3.attn_v.weight                  - [  2048,    512,      1,      1], type =    f16, converting to q6_K .. size =     2.00 MiB ->     0.82 MiB
[  68/ 733] blk.3.ffn_down_exps.weight           - [   512,   2048,    256,      1], type =    f16, converting to q6_K .. size =   512.00 MiB ->   210.00 MiB
[  69/ 733] blk.3.ffn_down_shexp.weight          - [   512,   2048,      1,      1], type =    f16, converting to q6_K .. size =     2.00 MiB ->     0.82 MiB
[  70/ 733] blk.3.ffn_gate_exps.weight           - [  2048,    512,    256,      1], type =    f16, converting to q4_K .. size =   512.00 MiB ->   144.00 MiB
[  71/ 733] blk.3.ffn_gate_inp.weight            - [  2048,    256,      1,      1], type =    f32, size =    2.000 MiB
[  72/ 733] blk.3.ffn_gate_inp_shexp.weight      - [  2048,      1,      1,      1], type =    f32, size =    0.008 MiB
[  73/ 733] blk.3.ffn_gate_shexp.weight          - [  2048,    512,      1,      1], type =    f16, converting to q4_K .. size =     2.00 MiB ->     0.56 MiB
[  74/ 733] blk.3.ffn_up_exps.weight             - [  2048,    512,    256,      1], type =    f16, converting to q4_K .. size =   512.00 MiB ->   144.00 MiB
[  75/ 733] blk.3.ffn_up_shexp.weight            - [  2048,    512,      1,      1], type =    f16, converting to q4_K .. size =     2.00 MiB ->     0.56 MiB
[  76/ 733] blk.3.post_attention_norm.weight     - [  2048,      1,      1,      1], type =    f32, size =    0.008 MiB
[  77/ 733] blk.4.attn_gate.weight               - [  2048,   4096,      1,      1], type =    f16, converting to q4_K .. size =    16.00 MiB ->     4.50 MiB
[  78/ 733] blk.4.attn_norm.weight               - [  2048,      1,      1,      1], type =    f32, size =    0.008 MiB
[  79/ 733] blk.4.attn_qkv.weight                - [  2048,   8192,      1,      1], type =    f16, converting to q6_K .. size =    32.00 MiB ->    13.12 MiB
[  80/ 733] blk.4.ffn_down_exps.weight           - [   512,   2048,    256,      1], type =    f16, converting to q6_K .. size =   512.00 MiB ->   210.00 MiB
[  81/ 733] blk.4.ffn_down_shexp.weight          - [   512,   2048,      1,      1], type =    f16, converting to q6_K .. size =     2.00 MiB ->     0.82 MiB
[  82/ 733] blk.4.ffn_gate_exps.weight           - [  2048,    512,    256,      1], type =    f16, converting to q4_K .. size =   512.00 MiB ->   144.00 MiB
[  83/ 733] blk.4.ffn_gate_inp.weight            - [  2048,    256,      1,      1], type =    f32, size =    2.000 MiB
[  84/ 733] blk.4.ffn_gate_inp_shexp.weight      - [  2048,      1,      1,      1], type =    f32, size =    0.008 MiB
[  85/ 733] blk.4.ffn_gate_shexp.weight          - [  2048,    512,      1,      1], type =    f16, converting to q4_K .. size =     2.00 MiB ->     0.56 MiB
[  86/ 733] blk.4.ffn_up_exps.weight             - [  2048,    512,    256,      1], type =    f16, converting to q4_K .. size =   512.00 MiB ->   144.00 MiB
[  87/ 733] blk.4.ffn_up_shexp.weight            - [  2048,    512,      1,      1], type =    f16, converting to q4_K .. size =     2.00 MiB ->     0.56 MiB
[  88/ 733] blk.4.post_attention_norm.weight     - [  2048,      1,      1,      1], type =    f32, size =    0.008 MiB
[  89/ 733] blk.4.ssm_a                          - [    32,      1,      1,      1], type =    f32, size =    0.000 MiB
[  90/ 733] blk.4.ssm_alpha.weight               - [  2048,     32,      1,      1], type =    f16, converting to q4_K .. size =     0.12 MiB ->     0.04 MiB
[  91/ 733] blk.4.ssm_beta.weight                - [  2048,     32,      1,      1], type =    f16, converting to q4_K .. size =     0.12 MiB ->     0.04 MiB
[  92/ 733] blk.4.ssm_conv1d.weight              - [     4,   8192,      1,      1], type =    f32, size =    0.125 MiB
[  93/ 733] blk.4.ssm_dt.bias                    - [    32,      1,      1,      1], type =    f32, size =    0.000 MiB
[  94/ 733] blk.4.ssm_norm.weight                - [   128,      1,      1,      1], type =    f32, size =    0.000 MiB
[  95/ 733] blk.4.ssm_out.weight                 - [  4096,   2048,      1,      1], type =    f16, converting to q4_K .. size =    16.00 MiB ->     4.50 MiB
[  96/ 733] blk.5.attn_gate.weight               - [  2048,   4096,      1,      1], type =    f16, converting to q4_K .. size =    16.00 MiB ->     4.50 MiB
[  97/ 733] blk.5.attn_norm.weight               - [  2048,      1,      1,      1], type =    f32, size =    0.008 MiB
[  98/ 733] blk.5.attn_qkv.weight                - [  2048,   8192,      1,      1], type =    f16, converting to q4_K .. size =    32.00 MiB ->     9.00 MiB
[  99/ 733] blk.5.ffn_down_exps.weight           - [   512,   2048,    256,      1], type =    f16, converting to q4_K .. size =   512.00 MiB ->   144.00 MiB
[ 100/ 733] blk.5.ffn_down_shexp.weight          - [   512,   2048,      1,      1], type =    f16, converting to q4_K .. size =     2.00 MiB ->     0.56 MiB
[ 101/ 733] blk.5.ffn_gate_exps.weight           - [  2048,    512,    256,      1], type =    f16, converting to q4_K .. size =   512.00 MiB ->   144.00 MiB
[ 102/ 733] blk.5.ffn_gate_inp.weight            - [  2048,    256,      1,      1], type =    f32, size =    2.000 MiB
[ 103/ 733] blk.5.ffn_gate_inp_shexp.weight      - [  2048,      1,      1,      1], type =    f32, size =    0.008 MiB
[ 104/ 733] blk.5.ffn_gate_shexp.weight          - [  2048,    512,      1,      1], type =    f16, converting to q4_K .. size =     2.00 MiB ->     0.56 MiB
[ 105/ 733] blk.5.ffn_up_exps.weight             - [  2048,    512,    256,      1], type =    f16, converting to q4_K .. size =   512.00 MiB ->   144.00 MiB
[ 106/ 733] blk.5.ffn_up_shexp.weight            - [  2048,    512,      1,      1], type =    f16, converting to q4_K .. size =     2.00 MiB ->     0.56 MiB
[ 107/ 733] blk.5.post_attention_norm.weight     - [  2048,      1,      1,      1], type =    f32, size =    0.008 MiB
[ 108/ 733] blk.5.ssm_a                          - [    32,      1,      1,      1], type =    f32, size =    0.000 MiB
[ 109/ 733] blk.5.ssm_alpha.weight               - [  2048,     32,      1,      1], type =    f16, converting to q4_K .. size =     0.12 MiB ->     0.04 MiB
[ 110/ 733] blk.5.ssm_beta.weight                - [  2048,     32,      1,      1], type =    f16, converting to q4_K .. size =     0.12 MiB ->     0.04 MiB
[ 111/ 733] blk.5.ssm_conv1d.weight              - [     4,   8192,      1,      1], type =    f32, size =    0.125 MiB
[ 112/ 733] blk.5.ssm_dt.bias                    - [    32,      1,      1,      1], type =    f32, size =    0.000 MiB
[ 113/ 733] blk.5.ssm_norm.weight                - [   128,      1,      1,      1], type =    f32, size =    0.000 MiB
[ 114/ 733] blk.5.ssm_out.weight                 - [  4096,   2048,      1,      1], type =    f16, converting to q4_K .. size =    16.00 MiB ->     4.50 MiB
[ 115/ 733] blk.6.attn_gate.weight               - [  2048,   4096,      1,      1], type =    f16, converting to q4_K .. size =    16.00 MiB ->     4.50 MiB
[ 116/ 733] blk.6.attn_norm.weight               - [  2048,      1,      1,      1], type =    f32, size =    0.008 MiB
[ 117/ 733] blk.6.attn_qkv.weight                - [  2048,   8192,      1,      1], type =    f16, converting to q4_K .. size =    32.00 MiB ->     9.00 MiB
[ 118/ 733] blk.6.ffn_down_exps.weight           - [   512,   2048,    256,      1], type =    f16, converting to q4_K .. size =   512.00 MiB ->   144.00 MiB
[ 119/ 733] blk.6.ffn_down_shexp.weight          - [   512,   2048,      1,      1], type =    f16, converting to q4_K .. size =     2.00 MiB ->     0.56 MiB
[ 120/ 733] blk.6.ffn_gate_exps.weight           - [  2048,    512,    256,      1], type =    f16, converting to q4_K .. size =   512.00 MiB ->   144.00 MiB
[ 121/ 733] blk.6.ffn_gate_inp.weight            - [  2048,    256,      1,      1], type =    f32, size =    2.000 MiB
[ 122/ 733] blk.6.ffn_gate_inp_shexp.weight      - [  2048,      1,      1,      1], type =    f32, size =    0.008 MiB
[ 123/ 733] blk.6.ffn_gate_shexp.weight          - [  2048,    512,      1,      1], type =    f16, converting to q4_K .. size =     2.00 MiB ->     0.56 MiB
[ 124/ 733] blk.6.ffn_up_exps.weight             - [  2048,    512,    256,      1], type =    f16, converting to q4_K .. size =   512.00 MiB ->   144.00 MiB
[ 125/ 733] blk.6.ffn_up_shexp.weight            - [  2048,    512,      1,      1], type =    f16, converting to q4_K .. size =     2.00 MiB ->     0.56 MiB
[ 126/ 733] blk.6.post_attention_norm.weight     - [  2048,      1,      1,      1], type =    f32, size =    0.008 MiB
[ 127/ 733] blk.6.ssm_a                          - [    32,      1,      1,      1], type =    f32, size =    0.000 MiB
[ 128/ 733] blk.6.ssm_alpha.weight               - [  2048,     32,      1,      1], type =    f16, converting to q4_K .. size =     0.12 MiB ->     0.04 MiB
[ 129/ 733] blk.6.ssm_beta.weight                - [  2048,     32,      1,      1], type =    f16, converting to q4_K .. size =     0.12 MiB ->     0.04 MiB
[ 130/ 733] blk.6.ssm_conv1d.weight              - [     4,   8192,      1,      1], type =    f32, size =    0.125 MiB
[ 131/ 733] blk.6.ssm_dt.bias                    - [    32,      1,      1,      1], type =    f32, size =    0.000 MiB
[ 132/ 733] blk.6.ssm_norm.weight                - [   128,      1,      1,      1], type =    f32, size =    0.000 MiB
[ 133/ 733] blk.6.ssm_out.weight                 - [  4096,   2048,      1,      1], type =    f16, converting to q4_K .. size =    16.00 MiB ->     4.50 MiB
[ 134/ 733] blk.7.attn_k.weight                  - [  2048,    512,      1,      1], type =    f16, converting to q4_K .. size =     2.00 MiB ->     0.56 MiB
[ 135/ 733] blk.7.attn_k_norm.weight             - [   256,      1,      1,      1], type =    f32, size =    0.001 MiB
[ 136/ 733] blk.7.attn_norm.weight               - [  2048,      1,      1,      1], type =    f32, size =    0.008 MiB
[ 137/ 733] blk.7.attn_output.weight             - [  4096,   2048,      1,      1], type =    f16, converting to q4_K .. size =    16.00 MiB ->     4.50 MiB
[ 138/ 733] blk.7.attn_q.weight                  - [  2048,   8192,      1,      1], type =    f16, converting to q4_K .. size =    32.00 MiB ->     9.00 MiB
[ 139/ 733] blk.7.attn_q_norm.weight             - [   256,      1,      1,      1], type =    f32, size =    0.001 MiB
[ 140/ 733] blk.7.attn_v.weight                  - [  2048,    512,      1,      1], type =    f16, converting to q6_K .. size =     2.00 MiB ->     0.82 MiB
[ 141/ 733] blk.7.ffn_down_exps.weight           - [   512,   2048,    256,      1], type =    f16, converting to q6_K .. size =   512.00 MiB ->   210.00 MiB
[ 142/ 733] blk.7.ffn_down_shexp.weight          - [   512,   2048,      1,      1], type =    f16, converting to q6_K .. size =     2.00 MiB ->     0.82 MiB
[ 143/ 733] blk.7.ffn_gate_exps.weight           - [  2048,    512,    256,      1], type =    f16, converting to q4_K .. size =   512.00 MiB ->   144.00 MiB
[ 144/ 733] blk.7.ffn_gate_inp.weight            - [  2048,    256,      1,      1], type =    f32, size =    2.000 MiB
[ 145/ 733] blk.7.ffn_gate_inp_shexp.weight      - [  2048,      1,      1,      1], type =    f32, size =    0.008 MiB
[ 146/ 733] blk.7.ffn_gate_shexp.weight          - [  2048,    512,      1,      1], type =    f16, converting to q4_K .. size =     2.00 MiB ->     0.56 MiB
[ 147/ 733] blk.7.ffn_up_exps.weight             - [  2048,    512,    256,      1], type =    f16, converting to q4_K .. size =   512.00 MiB ->   144.00 MiB
[ 148/ 733] blk.7.ffn_up_shexp.weight            - [  2048,    512,      1,      1], type =    f16, converting to q4_K .. size =     2.00 MiB ->     0.56 MiB
[ 149/ 733] blk.7.post_attention_norm.weight     - [  2048,      1,      1,      1], type =    f32, size =    0.008 MiB
[ 150/ 733] blk.8.attn_gate.weight               - [  2048,   4096,      1,      1], type =    f16, converting to q4_K .. size =    16.00 MiB ->     4.50 MiB
[ 151/ 733] blk.8.attn_norm.weight               - [  2048,      1,      1,      1], type =    f32, size =    0.008 MiB
[ 152/ 733] blk.8.attn_qkv.weight                - [  2048,   8192,      1,      1], type =    f16, converting to q4_K .. size =    32.00 MiB ->     9.00 MiB
[ 153/ 733] blk.8.ffn_down_exps.weight           - [   512,   2048,    256,      1], type =    f16, converting to q4_K .. size =   512.00 MiB ->   144.00 MiB
[ 154/ 733] blk.8.ffn_down_shexp.weight          - [   512,   2048,      1,      1], type =    f16, converting to q4_K .. size =     2.00 MiB ->     0.56 MiB
[ 155/ 733] blk.8.ffn_gate_exps.weight           - [  2048,    512,    256,      1], type =    f16, converting to q4_K .. size =   512.00 MiB ->   144.00 MiB
[ 156/ 733] blk.8.ffn_gate_inp.weight            - [  2048,    256,      1,      1], type =    f32, size =    2.000 MiB
[ 157/ 733] blk.8.ffn_gate_inp_shexp.weight      - [  2048,      1,      1,      1], type =    f32, size =    0.008 MiB
[ 158/ 733] blk.8.ffn_gate_shexp.weight          - [  2048,    512,      1,      1], type =    f16, converting to q4_K .. size =     2.00 MiB ->     0.56 MiB
[ 159/ 733] blk.8.ffn_up_exps.weight             - [  2048,    512,    256,      1], type =    f16, converting to q4_K .. size =   512.00 MiB ->   144.00 MiB
[ 160/ 733] blk.8.ffn_up_shexp.weight            - [  2048,    512,      1,      1], type =    f16, converting to q4_K .. size =     2.00 MiB ->     0.56 MiB
[ 161/ 733] blk.8.post_attention_norm.weight     - [  2048,      1,      1,      1], type =    f32, size =    0.008 MiB
[ 162/ 733] blk.8.ssm_a                          - [    32,      1,      1,      1], type =    f32, size =    0.000 MiB
[ 163/ 733] blk.8.ssm_alpha.weight               - [  2048,     32,      1,      1], type =    f16, converting to q4_K .. size =     0.12 MiB ->     0.04 MiB
[ 164/ 733] blk.8.ssm_beta.weight                - [  2048,     32,      1,      1], type =    f16, converting to q4_K .. size =     0.12 MiB ->     0.04 MiB
[ 165/ 733] blk.8.ssm_conv1d.weight              - [     4,   8192,      1,      1], type =    f32, size =    0.125 MiB
[ 166/ 733] blk.8.ssm_dt.bias                    - [    32,      1,      1,      1], type =    f32, size =    0.000 MiB
[ 167/ 733] blk.8.ssm_norm.weight                - [   128,      1,      1,      1], type =    f32, size =    0.000 MiB
[ 168/ 733] blk.8.ssm_out.weight                 - [  4096,   2048,      1,      1], type =    f16, converting to q4_K .. size =    16.00 MiB ->     4.50 MiB
[ 169/ 733] blk.9.attn_gate.weight               - [  2048,   4096,      1,      1], type =    f16, converting to q4_K .. size =    16.00 MiB ->     4.50 MiB
[ 170/ 733] blk.9.attn_norm.weight               - [  2048,      1,      1,      1], type =    f32, size =    0.008 MiB
[ 171/ 733] blk.9.attn_qkv.weight                - [  2048,   8192,      1,      1], type =    f16, converting to q4_K .. size =    32.00 MiB ->     9.00 MiB
[ 172/ 733] blk.9.ffn_down_exps.weight           - [   512,   2048,    256,      1], type =    f16, converting to q4_K .. size =   512.00 MiB ->   144.00 MiB
[ 173/ 733] blk.9.ffn_down_shexp.weight          - [   512,   2048,      1,      1], type =    f16, converting to q4_K .. size =     2.00 MiB ->     0.56 MiB
[ 174/ 733] blk.9.ffn_gate_exps.weight           - [  2048,    512,    256,      1], type =    f16, converting to q4_K .. size =   512.00 MiB ->   144.00 MiB
[ 175/ 733] blk.9.ffn_gate_inp.weight            - [  2048,    256,      1,      1], type =    f32, size =    2.000 MiB
[ 176/ 733] blk.9.ffn_gate_inp_shexp.weight      - [  2048,      1,      1,      1], type =    f32, size =    0.008 MiB
[ 177/ 733] blk.9.ffn_gate_shexp.weight          - [  2048,    512,      1,      1], type =    f16, converting to q4_K .. size =     2.00 MiB ->     0.56 MiB
[ 178/ 733] blk.9.ffn_up_exps.weight             - [  2048,    512,    256,      1], type =    f16, converting to q4_K .. size =   512.00 MiB ->   144.00 MiB
[ 179/ 733] blk.9.ffn_up_shexp.weight            - [  2048,    512,      1,      1], type =    f16, converting to q4_K .. size =     2.00 MiB ->     0.56 MiB
[ 180/ 733] blk.9.post_attention_norm.weight     - [  2048,      1,      1,      1], type =    f32, size =    0.008 MiB
[ 181/ 733] blk.9.ssm_a                          - [    32,      1,      1,      1], type =    f32, size =    0.000 MiB
[ 182/ 733] blk.9.ssm_alpha.weight               - [  2048,     32,      1,      1], type =    f16, converting to q4_K .. size =     0.12 MiB ->     0.04 MiB
[ 183/ 733] blk.9.ssm_beta.weight                - [  2048,     32,      1,      1], type =    f16, converting to q4_K .. size =     0.12 MiB ->     0.04 MiB
[ 184/ 733] blk.9.ssm_conv1d.weight              - [     4,   8192,      1,      1], type =    f32, size =    0.125 MiB
[ 185/ 733] blk.9.ssm_dt.bias                    - [    32,      1,      1,      1], type =    f32, size =    0.000 MiB
[ 186/ 733] blk.9.ssm_norm.weight                - [   128,      1,      1,      1], type =    f32, size =    0.000 MiB
[ 187/ 733] blk.9.ssm_out.weight                 - [  4096,   2048,      1,      1], type =    f16, converting to q4_K .. size =    16.00 MiB ->     4.50 MiB
[ 188/ 733] blk.10.attn_gate.weight              - [  2048,   4096,      1,      1], type =    f16, converting to q4_K .. size =    16.00 MiB ->     4.50 MiB
[ 189/ 733] blk.10.attn_norm.weight              - [  2048,      1,      1,      1], type =    f32, size =    0.008 MiB
[ 190/ 733] blk.10.attn_qkv.weight               - [  2048,   8192,      1,      1], type =    f16, converting to q6_K .. size =    32.00 MiB ->    13.12 MiB
[ 191/ 733] blk.10.ffn_down_exps.weight          - [   512,   2048,    256,      1], type =    f16, converting to q6_K .. size =   512.00 MiB ->   210.00 MiB
[ 192/ 733] blk.10.ffn_down_shexp.weight         - [   512,   2048,      1,      1], type =    f16, converting to q6_K .. size =     2.00 MiB ->     0.82 MiB
[ 193/ 733] blk.10.ffn_gate_exps.weight          - [  2048,    512,    256,      1], type =    f16, converting to q4_K .. size =   512.00 MiB ->   144.00 MiB
[ 194/ 733] blk.10.ffn_gate_inp.weight           - [  2048,    256,      1,      1], type =    f32, size =    2.000 MiB
[ 195/ 733] blk.10.ffn_gate_inp_shexp.weight     - [  2048,      1,      1,      1], type =    f32, size =    0.008 MiB
[ 196/ 733] blk.10.ffn_gate_shexp.weight         - [  2048,    512,      1,      1], type =    f16, converting to q4_K .. size =     2.00 MiB ->     0.56 MiB
[ 197/ 733] blk.10.ffn_up_exps.weight            - [  2048,    512,    256,      1], type =    f16, converting to q4_K .. size =   512.00 MiB ->   144.00 MiB
[ 198/ 733] blk.10.ffn_up_shexp.weight           - [  2048,    512,      1,      1], type =    f16, converting to q4_K .. size =     2.00 MiB ->     0.56 MiB
[ 199/ 733] blk.10.post_attention_norm.weight    - [  2048,      1,      1,      1], type =    f32, size =    0.008 MiB
[ 200/ 733] blk.10.ssm_a                         - [    32,      1,      1,      1], type =    f32, size =    0.000 MiB
[ 201/ 733] blk.10.ssm_alpha.weight              - [  2048,     32,      1,      1], type =    f16, converting to q4_K .. size =     0.12 MiB ->     0.04 MiB
[ 202/ 733] blk.10.ssm_beta.weight               - [  2048,     32,      1,      1], type =    f16, converting to q4_K .. size =     0.12 MiB ->     0.04 MiB
[ 203/ 733] blk.10.ssm_conv1d.weight             - [     4,   8192,      1,      1], type =    f32, size =    0.125 MiB
[ 204/ 733] blk.10.ssm_dt.bias                   - [    32,      1,      1,      1], type =    f32, size =    0.000 MiB
[ 205/ 733] blk.10.ssm_norm.weight               - [   128,      1,      1,      1], type =    f32, size =    0.000 MiB
[ 206/ 733] blk.10.ssm_out.weight                - [  4096,   2048,      1,      1], type =    f16, converting to q4_K .. size =    16.00 MiB ->     4.50 MiB
[ 207/ 733] blk.11.attn_k.weight                 - [  2048,    512,      1,      1], type =    f16, converting to q4_K .. size =     2.00 MiB ->     0.56 MiB
[ 208/ 733] blk.11.attn_k_norm.weight            - [   256,      1,      1,      1], type =    f32, size =    0.001 MiB
[ 209/ 733] blk.11.attn_norm.weight              - [  2048,      1,      1,      1], type =    f32, size =    0.008 MiB
[ 210/ 733] blk.11.attn_output.weight            - [  4096,   2048,      1,      1], type =    f16, converting to q4_K .. size =    16.00 MiB ->     4.50 MiB
[ 211/ 733] blk.11.attn_q.weight                 - [  2048,   8192,      1,      1], type =    f16, converting to q4_K .. size =    32.00 MiB ->     9.00 MiB
[ 212/ 733] blk.11.attn_q_norm.weight            - [   256,      1,      1,      1], type =    f32, size =    0.001 MiB
[ 213/ 733] blk.11.attn_v.weight                 - [  2048,    512,      1,      1], type =    f16, converting to q4_K .. size =     2.00 MiB ->     0.56 MiB
[ 214/ 733] blk.11.ffn_down_exps.weight          - [   512,   2048,    256,      1], type =    f16, converting to q4_K .. size =   512.00 MiB ->   144.00 MiB
[ 215/ 733] blk.11.ffn_down_shexp.weight         - [   512,   2048,      1,      1], type =    f16, converting to q4_K .. size =     2.00 MiB ->     0.56 MiB
[ 216/ 733] blk.11.ffn_gate_exps.weight          - [  2048,    512,    256,      1], type =    f16, converting to q4_K .. size =   512.00 MiB ->   144.00 MiB
[ 217/ 733] blk.11.ffn_gate_inp.weight           - [  2048,    256,      1,      1], type =    f32, size =    2.000 MiB
[ 218/ 733] blk.11.ffn_gate_inp_shexp.weight     - [  2048,      1,      1,      1], type =    f32, size =    0.008 MiB
[ 219/ 733] blk.11.ffn_gate_shexp.weight         - [  2048,    512,      1,      1], type =    f16, converting to q4_K .. size =     2.00 MiB ->     0.56 MiB
[ 220/ 733] blk.11.ffn_up_exps.weight            - [  2048,    512,    256,      1], type =    f16, converting to q4_K .. size =   512.00 MiB ->   144.00 MiB
[ 221/ 733] blk.11.ffn_up_shexp.weight           - [  2048,    512,      1,      1], type =    f16, converting to q4_K .. size =     2.00 MiB ->     0.56 MiB
[ 222/ 733] blk.11.post_attention_norm.weight    - [  2048,      1,      1,      1], type =    f32, size =    0.008 MiB
[ 223/ 733] blk.12.attn_gate.weight              - [  2048,   4096,      1,      1], type =    f16, converting to q4_K .. size =    16.00 MiB ->     4.50 MiB
[ 224/ 733] blk.12.attn_norm.weight              - [  2048,      1,      1,      1], type =    f32, size =    0.008 MiB
[ 225/ 733] blk.12.attn_qkv.weight               - [  2048,   8192,      1,      1], type =    f16, converting to q4_K .. size =    32.00 MiB ->     9.00 MiB
[ 226/ 733] blk.12.ffn_down_exps.weight          - [   512,   2048,    256,      1], type =    f16, converting to q4_K .. size =   512.00 MiB ->   144.00 MiB
[ 227/ 733] blk.12.ffn_down_shexp.weight         - [   512,   2048,      1,      1], type =    f16, converting to q4_K .. size =     2.00 MiB ->     0.56 MiB
[ 228/ 733] blk.12.ffn_gate_exps.weight          - [  2048,    512,    256,      1], type =    f16, converting to q4_K .. size =   512.00 MiB ->   144.00 MiB
[ 229/ 733] blk.12.ffn_gate_inp.weight           - [  2048,    256,      1,      1], type =    f32, size =    2.000 MiB
[ 230/ 733] blk.12.ffn_gate_inp_shexp.weight     - [  2048,      1,      1,      1], type =    f32, size =    0.008 MiB
[ 231/ 733] blk.12.ffn_gate_shexp.weight         - [  2048,    512,      1,      1], type =    f16, converting to q4_K .. size =     2.00 MiB ->     0.56 MiB
[ 232/ 733] blk.12.ffn_up_exps.weight            - [  2048,    512,    256,      1], type =    f16, converting to q4_K .. size =   512.00 MiB ->   144.00 MiB
[ 233/ 733] blk.12.ffn_up_shexp.weight           - [  2048,    512,      1,      1], type =    f16, converting to q4_K .. size =     2.00 MiB ->     0.56 MiB
[ 234/ 733] blk.12.post_attention_norm.weight    - [  2048,      1,      1,      1], type =    f32, size =    0.008 MiB
[ 235/ 733] blk.12.ssm_a                         - [    32,      1,      1,      1], type =    f32, size =    0.000 MiB
[ 236/ 733] blk.12.ssm_alpha.weight              - [  2048,     32,      1,      1], type =    f16, converting to q4_K .. size =     0.12 MiB ->     0.04 MiB
[ 237/ 733] blk.12.ssm_beta.weight               - [  2048,     32,      1,      1], type =    f16, converting to q4_K .. size =     0.12 MiB ->     0.04 MiB
[ 238/ 733] blk.12.ssm_conv1d.weight             - [     4,   8192,      1,      1], type =    f32, size =    0.125 MiB
[ 239/ 733] blk.12.ssm_dt.bias                   - [    32,      1,      1,      1], type =    f32, size =    0.000 MiB
[ 240/ 733] blk.12.ssm_norm.weight               - [   128,      1,      1,      1], type =    f32, size =    0.000 MiB
[ 241/ 733] blk.12.ssm_out.weight                - [  4096,   2048,      1,      1], type =    f16, converting to q4_K .. size =    16.00 MiB ->     4.50 MiB
[ 242/ 733] blk.13.attn_gate.weight              - [  2048,   4096,      1,      1], type =    f16, converting to q4_K .. size =    16.00 MiB ->     4.50 MiB
[ 243/ 733] blk.13.attn_norm.weight              - [  2048,      1,      1,      1], type =    f32, size =    0.008 MiB
[ 244/ 733] blk.13.attn_qkv.weight               - [  2048,   8192,      1,      1], type =    f16, converting to q6_K .. size =    32.00 MiB ->    13.12 MiB
[ 245/ 733] blk.13.ffn_down_exps.weight          - [   512,   2048,    256,      1], type =    f16, converting to q6_K .. size =   512.00 MiB ->   210.00 MiB
[ 246/ 733] blk.13.ffn_down_shexp.weight         - [   512,   2048,      1,      1], type =    f16, converting to q6_K .. size =     2.00 MiB ->     0.82 MiB
[ 247/ 733] blk.13.ffn_gate_exps.weight          - [  2048,    512,    256,      1], type =    f16, converting to q4_K .. size =   512.00 MiB ->   144.00 MiB
[ 248/ 733] blk.13.ffn_gate_inp.weight           - [  2048,    256,      1,      1], type =    f32, size =    2.000 MiB
[ 249/ 733] blk.13.ffn_gate_inp_shexp.weight     - [  2048,      1,      1,      1], type =    f32, size =    0.008 MiB
[ 250/ 733] blk.13.ffn_gate_shexp.weight         - [  2048,    512,      1,      1], type =    f16, converting to q4_K .. size =     2.00 MiB ->     0.56 MiB
[ 251/ 733] blk.13.ffn_up_exps.weight            - [  2048,    512,    256,      1], type =    f16, converting to q4_K .. size =   512.00 MiB ->   144.00 MiB
[ 252/ 733] blk.13.ffn_up_shexp.weight           - [  2048,    512,      1,      1], type =    f16, converting to q4_K .. size =     2.00 MiB ->     0.56 MiB
[ 253/ 733] blk.13.post_attention_norm.weight    - [  2048,      1,      1,      1], type =    f32, size =    0.008 MiB
[ 254/ 733] blk.13.ssm_a                         - [    32,      1,      1,      1], type =    f32, size =    0.000 MiB
[ 255/ 733] blk.13.ssm_alpha.weight              - [  2048,     32,      1,      1], type =    f16, converting to q4_K .. size =     0.12 MiB ->     0.04 MiB
[ 256/ 733] blk.13.ssm_beta.weight               - [  2048,     32,      1,      1], type =    f16, converting to q4_K .. size =     0.12 MiB ->     0.04 MiB
[ 257/ 733] blk.13.ssm_conv1d.weight             - [     4,   8192,      1,      1], type =    f32, size =    0.125 MiB
[ 258/ 733] blk.13.ssm_dt.bias                   - [    32,      1,      1,      1], type =    f32, size =    0.000 MiB
[ 259/ 733] blk.13.ssm_norm.weight               - [   128,      1,      1,      1], type =    f32, size =    0.000 MiB
[ 260/ 733] blk.13.ssm_out.weight                - [  4096,   2048,      1,      1], type =    f16, converting to q4_K .. size =    16.00 MiB ->     4.50 MiB
[ 261/ 733] blk.14.attn_gate.weight              - [  2048,   4096,      1,      1], type =    f16, converting to q4_K .. size =    16.00 MiB ->     4.50 MiB
[ 262/ 733] blk.14.attn_norm.weight              - [  2048,      1,      1,      1], type =    f32, size =    0.008 MiB
[ 263/ 733] blk.14.attn_qkv.weight               - [  2048,   8192,      1,      1], type =    f16, converting to q4_K .. size =    32.00 MiB ->     9.00 MiB
[ 264/ 733] blk.14.ffn_down_exps.weight          - [   512,   2048,    256,      1], type =    f16, converting to q4_K .. size =   512.00 MiB ->   144.00 MiB
[ 265/ 733] blk.14.ffn_down_shexp.weight         - [   512,   2048,      1,      1], type =    f16, converting to q4_K .. size =     2.00 MiB ->     0.56 MiB
[ 266/ 733] blk.14.ffn_gate_exps.weight          - [  2048,    512,    256,      1], type =    f16, converting to q4_K .. size =   512.00 MiB ->   144.00 MiB
[ 267/ 733] blk.14.ffn_gate_inp.weight           - [  2048,    256,      1,      1], type =    f32, size =    2.000 MiB
[ 268/ 733] blk.14.ffn_gate_inp_shexp.weight     - [  2048,      1,      1,      1], type =    f32, size =    0.008 MiB
[ 269/ 733] blk.14.ffn_gate_shexp.weight         - [  2048,    512,      1,      1], type =    f16, converting to q4_K .. size =     2.00 MiB ->     0.56 MiB
[ 270/ 733] blk.14.ffn_up_exps.weight            - [  2048,    512,    256,      1], type =    f16, converting to q4_K .. size =   512.00 MiB ->   144.00 MiB
[ 271/ 733] blk.14.ffn_up_shexp.weight           - [  2048,    512,      1,      1], type =    f16, converting to q4_K .. size =     2.00 MiB ->     0.56 MiB
[ 272/ 733] blk.14.post_attention_norm.weight    - [  2048,      1,      1,      1], type =    f32, size =    0.008 MiB
[ 273/ 733] blk.14.ssm_a                         - [    32,      1,      1,      1], type =    f32, size =    0.000 MiB
[ 274/ 733] blk.14.ssm_alpha.weight              - [  2048,     32,      1,      1], type =    f16, converting to q4_K .. size =     0.12 MiB ->     0.04 MiB
[ 275/ 733] blk.14.ssm_beta.weight               - [  2048,     32,      1,      1], type =    f16, converting to q4_K .. size =     0.12 MiB ->     0.04 MiB
[ 276/ 733] blk.14.ssm_conv1d.weight             - [     4,   8192,      1,      1], type =    f32, size =    0.125 MiB
[ 277/ 733] blk.14.ssm_dt.bias                   - [    32,      1,      1,      1], type =    f32, size =    0.000 MiB
[ 278/ 733] blk.14.ssm_norm.weight               - [   128,      1,      1,      1], type =    f32, size =    0.000 MiB
[ 279/ 733] blk.14.ssm_out.weight                - [  4096,   2048,      1,      1], type =    f16, converting to q4_K .. size =    16.00 MiB ->     4.50 MiB
[ 280/ 733] blk.15.attn_k.weight                 - [  2048,    512,      1,      1], type =    f16, converting to q4_K .. size =     2.00 MiB ->     0.56 MiB
[ 281/ 733] blk.15.attn_k_norm.weight            - [   256,      1,      1,      1], type =    f32, size =    0.001 MiB
[ 282/ 733] blk.15.attn_norm.weight              - [  2048,      1,      1,      1], type =    f32, size =    0.008 MiB
[ 283/ 733] blk.15.attn_output.weight            - [  4096,   2048,      1,      1], type =    f16, converting to q4_K .. size =    16.00 MiB ->     4.50 MiB
[ 284/ 733] blk.15.attn_q.weight                 - [  2048,   8192,      1,      1], type =    f16, converting to q4_K .. size =    32.00 MiB ->     9.00 MiB
[ 285/ 733] blk.15.attn_q_norm.weight            - [   256,      1,      1,      1], type =    f32, size =    0.001 MiB
[ 286/ 733] blk.15.attn_v.weight                 - [  2048,    512,      1,      1], type =    f16, converting to q4_K .. size =     2.00 MiB ->     0.56 MiB
[ 287/ 733] blk.15.ffn_down_exps.weight          - [   512,   2048,    256,      1], type =    f16, converting to q4_K .. size =   512.00 MiB ->   144.00 MiB
[ 288/ 733] blk.15.ffn_down_shexp.weight         - [   512,   2048,      1,      1], type =    f16, converting to q4_K .. size =     2.00 MiB ->     0.56 MiB
[ 289/ 733] blk.15.ffn_gate_exps.weight          - [  2048,    512,    256,      1], type =    f16, converting to q4_K .. size =   512.00 MiB ->   144.00 MiB
[ 290/ 733] blk.15.ffn_gate_inp.weight           - [  2048,    256,      1,      1], type =    f32, size =    2.000 MiB
[ 291/ 733] blk.15.ffn_gate_inp_shexp.weight     - [  2048,      1,      1,      1], type =    f32, size =    0.008 MiB
[ 292/ 733] blk.15.ffn_gate_shexp.weight         - [  2048,    512,      1,      1], type =    f16, converting to q4_K .. size =     2.00 MiB ->     0.56 MiB
[ 293/ 733] blk.15.ffn_up_exps.weight            - [  2048,    512,    256,      1], type =    f16, converting to q4_K .. size =   512.00 MiB ->   144.00 MiB
[ 294/ 733] blk.15.ffn_up_shexp.weight           - [  2048,    512,      1,      1], type =    f16, converting to q4_K .. size =     2.00 MiB ->     0.56 MiB
[ 295/ 733] blk.15.post_attention_norm.weight    - [  2048,      1,      1,      1], type =    f32, size =    0.008 MiB
[ 296/ 733] blk.16.attn_gate.weight              - [  2048,   4096,      1,      1], type =    f16, converting to q4_K .. size =    16.00 MiB ->     4.50 MiB
[ 297/ 733] blk.16.attn_norm.weight              - [  2048,      1,      1,      1], type =    f32, size =    0.008 MiB
[ 298/ 733] blk.16.attn_qkv.weight               - [  2048,   8192,      1,      1], type =    f16, converting to q6_K .. size =    32.00 MiB ->    13.12 MiB
[ 299/ 733] blk.16.ffn_down_exps.weight          - [   512,   2048,    256,      1], type =    f16, converting to q6_K .. size =   512.00 MiB ->   210.00 MiB
[ 300/ 733] blk.16.ffn_down_shexp.weight         - [   512,   2048,      1,      1], type =    f16, converting to q6_K .. size =     2.00 MiB ->     0.82 MiB
[ 301/ 733] blk.16.ffn_gate_exps.weight          - [  2048,    512,    256,      1], type =    f16, converting to q4_K .. size =   512.00 MiB ->   144.00 MiB
[ 302/ 733] blk.16.ffn_gate_inp.weight           - [  2048,    256,      1,      1], type =    f32, size =    2.000 MiB
[ 303/ 733] blk.16.ffn_gate_inp_shexp.weight     - [  2048,      1,      1,      1], type =    f32, size =    0.008 MiB
[ 304/ 733] blk.16.ffn_gate_shexp.weight         - [  2048,    512,      1,      1], type =    f16, converting to q4_K .. size =     2.00 MiB ->     0.56 MiB
[ 305/ 733] blk.16.ffn_up_exps.weight            - [  2048,    512,    256,      1], type =    f16, converting to q4_K .. size =   512.00 MiB ->   144.00 MiB
[ 306/ 733] blk.16.ffn_up_shexp.weight           - [  2048,    512,      1,      1], type =    f16, converting to q4_K .. size =     2.00 MiB ->     0.56 MiB
[ 307/ 733] blk.16.post_attention_norm.weight    - [  2048,      1,      1,      1], type =    f32, size =    0.008 MiB
[ 308/ 733] blk.16.ssm_a                         - [    32,      1,      1,      1], type =    f32, size =    0.000 MiB
[ 309/ 733] blk.16.ssm_alpha.weight              - [  2048,     32,      1,      1], type =    f16, converting to q4_K .. size =     0.12 MiB ->     0.04 MiB
[ 310/ 733] blk.16.ssm_beta.weight               - [  2048,     32,      1,      1], type =    f16, converting to q4_K .. size =     0.12 MiB ->     0.04 MiB
[ 311/ 733] blk.16.ssm_conv1d.weight             - [     4,   8192,      1,      1], type =    f32, size =    0.125 MiB
[ 312/ 733] blk.16.ssm_dt.bias                   - [    32,      1,      1,      1], type =    f32, size =    0.000 MiB
[ 313/ 733] blk.16.ssm_norm.weight               - [   128,      1,      1,      1], type =    f32, size =    0.000 MiB
[ 314/ 733] blk.16.ssm_out.weight                - [  4096,   2048,      1,      1], type =    f16, converting to q4_K .. size =    16.00 MiB ->     4.50 MiB
[ 315/ 733] blk.17.attn_gate.weight              - [  2048,   4096,      1,      1], type =    f16, converting to q4_K .. size =    16.00 MiB ->     4.50 MiB
[ 316/ 733] blk.17.attn_norm.weight              - [  2048,      1,      1,      1], type =    f32, size =    0.008 MiB
[ 317/ 733] blk.17.attn_qkv.weight               - [  2048,   8192,      1,      1], type =    f16, converting to q4_K .. size =    32.00 MiB ->     9.00 MiB
[ 318/ 733] blk.17.ffn_down_exps.weight          - [   512,   2048,    256,      1], type =    f16, converting to q4_K .. size =   512.00 MiB ->   144.00 MiB
[ 319/ 733] blk.17.ffn_down_shexp.weight         - [   512,   2048,      1,      1], type =    f16, converting to q4_K .. size =     2.00 MiB ->     0.56 MiB
[ 320/ 733] blk.17.ffn_gate_exps.weight          - [  2048,    512,    256,      1], type =    f16, converting to q4_K .. size =   512.00 MiB ->   144.00 MiB
[ 321/ 733] blk.17.ffn_gate_inp.weight           - [  2048,    256,      1,      1], type =    f32, size =    2.000 MiB
[ 322/ 733] blk.17.ffn_gate_inp_shexp.weight     - [  2048,      1,      1,      1], type =    f32, size =    0.008 MiB
[ 323/ 733] blk.17.ffn_gate_shexp.weight         - [  2048,    512,      1,      1], type =    f16, converting to q4_K .. size =     2.00 MiB ->     0.56 MiB
[ 324/ 733] blk.17.ffn_up_exps.weight            - [  2048,    512,    256,      1], type =    f16, converting to q4_K .. size =   512.00 MiB ->   144.00 MiB
[ 325/ 733] blk.17.ffn_up_shexp.weight           - [  2048,    512,      1,      1], type =    f16, converting to q4_K .. size =     2.00 MiB ->     0.56 MiB
[ 326/ 733] blk.17.post_attention_norm.weight    - [  2048,      1,      1,      1], type =    f32, size =    0.008 MiB
[ 327/ 733] blk.17.ssm_a                         - [    32,      1,      1,      1], type =    f32, size =    0.000 MiB
[ 328/ 733] blk.17.ssm_alpha.weight              - [  2048,     32,      1,      1], type =    f16, converting to q4_K .. size =     0.12 MiB ->     0.04 MiB
[ 329/ 733] blk.17.ssm_beta.weight               - [  2048,     32,      1,      1], type =    f16, converting to q4_K .. size =     0.12 MiB ->     0.04 MiB
[ 330/ 733] blk.17.ssm_conv1d.weight             - [     4,   8192,      1,      1], type =    f32, size =    0.125 MiB
[ 331/ 733] blk.17.ssm_dt.bias                   - [    32,      1,      1,      1], type =    f32, size =    0.000 MiB
[ 332/ 733] blk.17.ssm_norm.weight               - [   128,      1,      1,      1], type =    f32, size =    0.000 MiB
[ 333/ 733] blk.17.ssm_out.weight                - [  4096,   2048,      1,      1], type =    f16, converting to q4_K .. size =    16.00 MiB ->     4.50 MiB
[ 334/ 733] blk.18.attn_gate.weight              - [  2048,   4096,      1,      1], type =    f16, converting to q4_K .. size =    16.00 MiB ->     4.50 MiB
[ 335/ 733] blk.18.attn_norm.weight              - [  2048,      1,      1,      1], type =    f32, size =    0.008 MiB
[ 336/ 733] blk.18.attn_qkv.weight               - [  2048,   8192,      1,      1], type =    f16, converting to q4_K .. size =    32.00 MiB ->     9.00 MiB
[ 337/ 733] blk.18.ffn_down_exps.weight          - [   512,   2048,    256,      1], type =    f16, converting to q4_K .. size =   512.00 MiB ->   144.00 MiB
[ 338/ 733] blk.18.ffn_down_shexp.weight         - [   512,   2048,      1,      1], type =    f16, converting to q4_K .. size =     2.00 MiB ->     0.56 MiB
[ 339/ 733] blk.18.ffn_gate_exps.weight          - [  2048,    512,    256,      1], type =    f16, converting to q4_K .. size =   512.00 MiB ->   144.00 MiB
[ 340/ 733] blk.18.ffn_gate_inp.weight           - [  2048,    256,      1,      1], type =    f32, size =    2.000 MiB
[ 341/ 733] blk.18.ffn_gate_inp_shexp.weight     - [  2048,      1,      1,      1], type =    f32, size =    0.008 MiB
[ 342/ 733] blk.18.ffn_gate_shexp.weight         - [  2048,    512,      1,      1], type =    f16, converting to q4_K .. size =     2.00 MiB ->     0.56 MiB
[ 343/ 733] blk.18.ffn_up_exps.weight            - [  2048,    512,    256,      1], type =    f16, converting to q4_K .. size =   512.00 MiB ->   144.00 MiB
[ 344/ 733] blk.18.ffn_up_shexp.weight           - [  2048,    512,      1,      1], type =    f16, converting to q4_K .. size =     2.00 MiB ->     0.56 MiB
[ 345/ 733] blk.18.post_attention_norm.weight    - [  2048,      1,      1,      1], type =    f32, size =    0.008 MiB
[ 346/ 733] blk.18.ssm_a                         - [    32,      1,      1,      1], type =    f32, size =    0.000 MiB
[ 347/ 733] blk.18.ssm_alpha.weight              - [  2048,     32,      1,      1], type =    f16, converting to q4_K .. size =     0.12 MiB ->     0.04 MiB
[ 348/ 733] blk.18.ssm_beta.weight               - [  2048,     32,      1,      1], type =    f16, converting to q4_K .. size =     0.12 MiB ->     0.04 MiB
[ 349/ 733] blk.18.ssm_conv1d.weight             - [     4,   8192,      1,      1], type =    f32, size =    0.125 MiB
[ 350/ 733] blk.18.ssm_dt.bias                   - [    32,      1,      1,      1], type =    f32, size =    0.000 MiB
[ 351/ 733] blk.18.ssm_norm.weight               - [   128,      1,      1,      1], type =    f32, size =    0.000 MiB
[ 352/ 733] blk.18.ssm_out.weight                - [  4096,   2048,      1,      1], type =    f16, converting to q4_K .. size =    16.00 MiB ->     4.50 MiB
[ 353/ 733] blk.19.attn_k.weight                 - [  2048,    512,      1,      1], type =    f16, converting to q4_K .. size =     2.00 MiB ->     0.56 MiB
[ 354/ 733] blk.19.attn_k_norm.weight            - [   256,      1,      1,      1], type =    f32, size =    0.001 MiB
[ 355/ 733] blk.19.attn_norm.weight              - [  2048,      1,      1,      1], type =    f32, size =    0.008 MiB
[ 356/ 733] blk.19.attn_output.weight            - [  4096,   2048,      1,      1], type =    f16, converting to q4_K .. size =    16.00 MiB ->     4.50 MiB
[ 357/ 733] blk.19.attn_q.weight                 - [  2048,   8192,      1,      1], type =    f16, converting to q4_K .. size =    32.00 MiB ->     9.00 MiB
[ 358/ 733] blk.19.attn_q_norm.weight            - [   256,      1,      1,      1], type =    f32, size =    0.001 MiB
[ 359/ 733] blk.19.attn_v.weight                 - [  2048,    512,      1,      1], type =    f16, converting to q6_K .. size =     2.00 MiB ->     0.82 MiB
[ 360/ 733] blk.19.ffn_down_exps.weight          - [   512,   2048,    256,      1], type =    f16, converting to q6_K .. size =   512.00 MiB ->   210.00 MiB
[ 361/ 733] blk.19.ffn_down_shexp.weight         - [   512,   2048,      1,      1], type =    f16, converting to q6_K .. size =     2.00 MiB ->     0.82 MiB
[ 362/ 733] blk.19.ffn_gate_exps.weight          - [  2048,    512,    256,      1], type =    f16, converting to q4_K .. size =   512.00 MiB ->   144.00 MiB
[ 363/ 733] blk.19.ffn_gate_inp.weight           - [  2048,    256,      1,      1], type =    f32, size =    2.000 MiB
[ 364/ 733] blk.19.ffn_gate_inp_shexp.weight     - [  2048,      1,      1,      1], type =    f32, size =    0.008 MiB
[ 365/ 733] blk.19.ffn_gate_shexp.weight         - [  2048,    512,      1,      1], type =    f16, converting to q4_K .. size =     2.00 MiB ->     0.56 MiB
[ 366/ 733] blk.19.ffn_up_exps.weight            - [  2048,    512,    256,      1], type =    f16, converting to q4_K .. size =   512.00 MiB ->   144.00 MiB
[ 367/ 733] blk.19.ffn_up_shexp.weight           - [  2048,    512,      1,      1], type =    f16, converting to q4_K .. size =     2.00 MiB ->     0.56 MiB
[ 368/ 733] blk.19.post_attention_norm.weight    - [  2048,      1,      1,      1], type =    f32, size =    0.008 MiB
[ 369/ 733] blk.20.attn_gate.weight              - [  2048,   4096,      1,      1], type =    f16, converting to q4_K .. size =    16.00 MiB ->     4.50 MiB
[ 370/ 733] blk.20.attn_norm.weight              - [  2048,      1,      1,      1], type =    f32, size =    0.008 MiB
[ 371/ 733] blk.20.attn_qkv.weight               - [  2048,   8192,      1,      1], type =    f16, converting to q4_K .. size =    32.00 MiB ->     9.00 MiB
[ 372/ 733] blk.20.ffn_down_exps.weight          - [   512,   2048,    256,      1], type =    f16, converting to q4_K .. size =   512.00 MiB ->   144.00 MiB
[ 373/ 733] blk.20.ffn_down_shexp.weight         - [   512,   2048,      1,      1], type =    f16, converting to q4_K .. size =     2.00 MiB ->     0.56 MiB
[ 374/ 733] blk.20.ffn_gate_exps.weight          - [  2048,    512,    256,      1], type =    f16, converting to q4_K .. size =   512.00 MiB ->   144.00 MiB
[ 375/ 733] blk.20.ffn_gate_inp.weight           - [  2048,    256,      1,      1], type =    f32, size =    2.000 MiB
[ 376/ 733] blk.20.ffn_gate_inp_shexp.weight     - [  2048,      1,      1,      1], type =    f32, size =    0.008 MiB
[ 377/ 733] blk.20.ffn_gate_shexp.weight         - [  2048,    512,      1,      1], type =    f16, converting to q4_K .. size =     2.00 MiB ->     0.56 MiB
[ 378/ 733] blk.20.ffn_up_exps.weight            - [  2048,    512,    256,      1], type =    f16, converting to q4_K .. size =   512.00 MiB ->   144.00 MiB
[ 379/ 733] blk.20.ffn_up_shexp.weight           - [  2048,    512,      1,      1], type =    f16, converting to q4_K .. size =     2.00 MiB ->     0.56 MiB
[ 380/ 733] blk.20.post_attention_norm.weight    - [  2048,      1,      1,      1], type =    f32, size =    0.008 MiB
[ 381/ 733] blk.20.ssm_a                         - [    32,      1,      1,      1], type =    f32, size =    0.000 MiB
[ 382/ 733] blk.20.ssm_alpha.weight              - [  2048,     32,      1,      1], type =    f16, converting to q4_K .. size =     0.12 MiB ->     0.04 MiB
[ 383/ 733] blk.20.ssm_beta.weight               - [  2048,     32,      1,      1], type =    f16, converting to q4_K .. size =     0.12 MiB ->     0.04 MiB
[ 384/ 733] blk.20.ssm_conv1d.weight             - [     4,   8192,      1,      1], type =    f32, size =    0.125 MiB
[ 385/ 733] blk.20.ssm_dt.bias                   - [    32,      1,      1,      1], type =    f32, size =    0.000 MiB
[ 386/ 733] blk.20.ssm_norm.weight               - [   128,      1,      1,      1], type =    f32, size =    0.000 MiB
[ 387/ 733] blk.20.ssm_out.weight                - [  4096,   2048,      1,      1], type =    f16, converting to q4_K .. size =    16.00 MiB ->     4.50 MiB
[ 388/ 733] blk.21.attn_gate.weight              - [  2048,   4096,      1,      1], type =    f16, converting to q4_K .. size =    16.00 MiB ->     4.50 MiB
[ 389/ 733] blk.21.attn_norm.weight              - [  2048,      1,      1,      1], type =    f32, size =    0.008 MiB
[ 390/ 733] blk.21.attn_qkv.weight               - [  2048,   8192,      1,      1], type =    f16, converting to q4_K .. size =    32.00 MiB ->     9.00 MiB
[ 391/ 733] blk.21.ffn_down_exps.weight          - [   512,   2048,    256,      1], type =    f16, converting to q4_K .. size =   512.00 MiB ->   144.00 MiB
[ 392/ 733] blk.21.ffn_down_shexp.weight         - [   512,   2048,      1,      1], type =    f16, converting to q4_K .. size =     2.00 MiB ->     0.56 MiB
[ 393/ 733] blk.21.ffn_gate_exps.weight          - [  2048,    512,    256,      1], type =    f16, converting to q4_K .. size =   512.00 MiB ->   144.00 MiB
[ 394/ 733] blk.21.ffn_gate_inp.weight           - [  2048,    256,      1,      1], type =    f32, size =    2.000 MiB
[ 395/ 733] blk.21.ffn_gate_inp_shexp.weight     - [  2048,      1,      1,      1], type =    f32, size =    0.008 MiB
[ 396/ 733] blk.21.ffn_gate_shexp.weight         - [  2048,    512,      1,      1], type =    f16, converting to q4_K .. size =     2.00 MiB ->     0.56 MiB
[ 397/ 733] blk.21.ffn_up_exps.weight            - [  2048,    512,    256,      1], type =    f16, converting to q4_K .. size =   512.00 MiB ->   144.00 MiB
[ 398/ 733] blk.21.ffn_up_shexp.weight           - [  2048,    512,      1,      1], type =    f16, converting to q4_K .. size =     2.00 MiB ->     0.56 MiB
[ 399/ 733] blk.21.post_attention_norm.weight    - [  2048,      1,      1,      1], type =    f32, size =    0.008 MiB
[ 400/ 733] blk.21.ssm_a                         - [    32,      1,      1,      1], type =    f32, size =    0.000 MiB
[ 401/ 733] blk.21.ssm_alpha.weight              - [  2048,     32,      1,      1], type =    f16, converting to q4_K .. size =     0.12 MiB ->     0.04 MiB
[ 402/ 733] blk.21.ssm_beta.weight               - [  2048,     32,      1,      1], type =    f16, converting to q4_K .. size =     0.12 MiB ->     0.04 MiB
[ 403/ 733] blk.21.ssm_conv1d.weight             - [     4,   8192,      1,      1], type =    f32, size =    0.125 MiB
[ 404/ 733] blk.21.ssm_dt.bias                   - [    32,      1,      1,      1], type =    f32, size =    0.000 MiB
[ 405/ 733] blk.21.ssm_norm.weight               - [   128,      1,      1,      1], type =    f32, size =    0.000 MiB
[ 406/ 733] blk.21.ssm_out.weight                - [  4096,   2048,      1,      1], type =    f16, converting to q4_K .. size =    16.00 MiB ->     4.50 MiB
[ 407/ 733] blk.22.attn_gate.weight              - [  2048,   4096,      1,      1], type =    f16, converting to q4_K .. size =    16.00 MiB ->     4.50 MiB
[ 408/ 733] blk.22.attn_norm.weight              - [  2048,      1,      1,      1], type =    f32, size =    0.008 MiB
[ 409/ 733] blk.22.attn_qkv.weight               - [  2048,   8192,      1,      1], type =    f16, converting to q6_K .. size =    32.00 MiB ->    13.12 MiB
[ 410/ 733] blk.22.ffn_down_exps.weight          - [   512,   2048,    256,      1], type =    f16, converting to q6_K .. size =   512.00 MiB ->   210.00 MiB
[ 411/ 733] blk.22.ffn_down_shexp.weight         - [   512,   2048,      1,      1], type =    f16, converting to q6_K .. size =     2.00 MiB ->     0.82 MiB
[ 412/ 733] blk.22.ffn_gate_exps.weight          - [  2048,    512,    256,      1], type =    f16, converting to q4_K .. size =   512.00 MiB ->   144.00 MiB
[ 413/ 733] blk.22.ffn_gate_inp.weight           - [  2048,    256,      1,      1], type =    f32, size =    2.000 MiB
[ 414/ 733] blk.22.ffn_gate_inp_shexp.weight     - [  2048,      1,      1,      1], type =    f32, size =    0.008 MiB
[ 415/ 733] blk.22.ffn_gate_shexp.weight         - [  2048,    512,      1,      1], type =    f16, converting to q4_K .. size =     2.00 MiB ->     0.56 MiB
[ 416/ 733] blk.22.ffn_up_exps.weight            - [  2048,    512,    256,      1], type =    f16, converting to q4_K .. size =   512.00 MiB ->   144.00 MiB
[ 417/ 733] blk.22.ffn_up_shexp.weight           - [  2048,    512,      1,      1], type =    f16, converting to q4_K .. size =     2.00 MiB ->     0.56 MiB
[ 418/ 733] blk.22.post_attention_norm.weight    - [  2048,      1,      1,      1], type =    f32, size =    0.008 MiB
[ 419/ 733] blk.22.ssm_a                         - [    32,      1,      1,      1], type =    f32, size =    0.000 MiB
[ 420/ 733] blk.22.ssm_alpha.weight              - [  2048,     32,      1,      1], type =    f16, converting to q4_K .. size =     0.12 MiB ->     0.04 MiB
[ 421/ 733] blk.22.ssm_beta.weight               - [  2048,     32,      1,      1], type =    f16, converting to q4_K .. size =     0.12 MiB ->     0.04 MiB
[ 422/ 733] blk.22.ssm_conv1d.weight             - [     4,   8192,      1,      1], type =    f32, size =    0.125 MiB
[ 423/ 733] blk.22.ssm_dt.bias                   - [    32,      1,      1,      1], type =    f32, size =    0.000 MiB
[ 424/ 733] blk.22.ssm_norm.weight               - [   128,      1,      1,      1], type =    f32, size =    0.000 MiB
[ 425/ 733] blk.22.ssm_out.weight                - [  4096,   2048,      1,      1], type =    f16, converting to q4_K .. size =    16.00 MiB ->     4.50 MiB
[ 426/ 733] blk.23.attn_k.weight                 - [  2048,    512,      1,      1], type =    f16, converting to q4_K .. size =     2.00 MiB ->     0.56 MiB
[ 427/ 733] blk.23.attn_k_norm.weight            - [   256,      1,      1,      1], type =    f32, size =    0.001 MiB
[ 428/ 733] blk.23.attn_norm.weight              - [  2048,      1,      1,      1], type =    f32, size =    0.008 MiB
[ 429/ 733] blk.23.attn_output.weight            - [  4096,   2048,      1,      1], type =    f16, converting to q4_K .. size =    16.00 MiB ->     4.50 MiB
[ 430/ 733] blk.23.attn_q.weight                 - [  2048,   8192,      1,      1], type =    f16, converting to q4_K .. size =    32.00 MiB ->     9.00 MiB
[ 431/ 733] blk.23.attn_q_norm.weight            - [   256,      1,      1,      1], type =    f32, size =    0.001 MiB
[ 432/ 733] blk.23.attn_v.weight                 - [  2048,    512,      1,      1], type =    f16, converting to q4_K .. size =     2.00 MiB ->     0.56 MiB
[ 433/ 733] blk.23.ffn_down_exps.weight          - [   512,   2048,    256,      1], type =    f16, converting to q4_K .. size =   512.00 MiB ->   144.00 MiB
[ 434/ 733] blk.23.ffn_down_shexp.weight         - [   512,   2048,      1,      1], type =    f16, converting to q4_K .. size =     2.00 MiB ->     0.56 MiB
[ 435/ 733] blk.23.ffn_gate_exps.weight          - [  2048,    512,    256,      1], type =    f16, converting to q4_K .. size =   512.00 MiB ->   144.00 MiB
[ 436/ 733] blk.23.ffn_gate_inp.weight           - [  2048,    256,      1,      1], type =    f32, size =    2.000 MiB
[ 437/ 733] blk.23.ffn_gate_inp_shexp.weight     - [  2048,      1,      1,      1], type =    f32, size =    0.008 MiB
[ 438/ 733] blk.23.ffn_gate_shexp.weight         - [  2048,    512,      1,      1], type =    f16, converting to q4_K .. size =     2.00 MiB ->     0.56 MiB
[ 439/ 733] blk.23.ffn_up_exps.weight            - [  2048,    512,    256,      1], type =    f16, converting to q4_K .. size =   512.00 MiB ->   144.00 MiB
[ 440/ 733] blk.23.ffn_up_shexp.weight           - [  2048,    512,      1,      1], type =    f16, converting to q4_K .. size =     2.00 MiB ->     0.56 MiB
[ 441/ 733] blk.23.post_attention_norm.weight    - [  2048,      1,      1,      1], type =    f32, size =    0.008 MiB
[ 442/ 733] blk.24.attn_gate.weight              - [  2048,   4096,      1,      1], type =    f16, converting to q4_K .. size =    16.00 MiB ->     4.50 MiB
[ 443/ 733] blk.24.attn_norm.weight              - [  2048,      1,      1,      1], type =    f32, size =    0.008 MiB
[ 444/ 733] blk.24.attn_qkv.weight               - [  2048,   8192,      1,      1], type =    f16, converting to q4_K .. size =    32.00 MiB ->     9.00 MiB
[ 445/ 733] blk.24.ffn_down_exps.weight          - [   512,   2048,    256,      1], type =    f16, converting to q4_K .. size =   512.00 MiB ->   144.00 MiB
[ 446/ 733] blk.24.ffn_down_shexp.weight         - [   512,   2048,      1,      1], type =    f16, converting to q4_K .. size =     2.00 MiB ->     0.56 MiB
[ 447/ 733] blk.24.ffn_gate_exps.weight          - [  2048,    512,    256,      1], type =    f16, converting to q4_K .. size =   512.00 MiB ->   144.00 MiB
[ 448/ 733] blk.24.ffn_gate_inp.weight           - [  2048,    256,      1,      1], type =    f32, size =    2.000 MiB
[ 449/ 733] blk.24.ffn_gate_inp_shexp.weight     - [  2048,      1,      1,      1], type =    f32, size =    0.008 MiB
[ 450/ 733] blk.24.ffn_gate_shexp.weight         - [  2048,    512,      1,      1], type =    f16, converting to q4_K .. size =     2.00 MiB ->     0.56 MiB
[ 451/ 733] blk.24.ffn_up_exps.weight            - [  2048,    512,    256,      1], type =    f16, converting to q4_K .. size =   512.00 MiB ->   144.00 MiB
[ 452/ 733] blk.24.ffn_up_shexp.weight           - [  2048,    512,      1,      1], type =    f16, converting to q4_K .. size =     2.00 MiB ->     0.56 MiB
[ 453/ 733] blk.24.post_attention_norm.weight    - [  2048,      1,      1,      1], type =    f32, size =    0.008 MiB
[ 454/ 733] blk.24.ssm_a                         - [    32,      1,      1,      1], type =    f32, size =    0.000 MiB
[ 455/ 733] blk.24.ssm_alpha.weight              - [  2048,     32,      1,      1], type =    f16, converting to q4_K .. size =     0.12 MiB ->     0.04 MiB
[ 456/ 733] blk.24.ssm_beta.weight               - [  2048,     32,      1,      1], type =    f16, converting to q4_K .. size =     0.12 MiB ->     0.04 MiB
[ 457/ 733] blk.24.ssm_conv1d.weight             - [     4,   8192,      1,      1], type =    f32, size =    0.125 MiB
[ 458/ 733] blk.24.ssm_dt.bias                   - [    32,      1,      1,      1], type =    f32, size =    0.000 MiB
[ 459/ 733] blk.24.ssm_norm.weight               - [   128,      1,      1,      1], type =    f32, size =    0.000 MiB
[ 460/ 733] blk.24.ssm_out.weight                - [  4096,   2048,      1,      1], type =    f16, converting to q4_K .. size =    16.00 MiB ->     4.50 MiB
[ 461/ 733] blk.25.attn_gate.weight              - [  2048,   4096,      1,      1], type =    f16, converting to q4_K .. size =    16.00 MiB ->     4.50 MiB
[ 462/ 733] blk.25.attn_norm.weight              - [  2048,      1,      1,      1], type =    f32, size =    0.008 MiB
[ 463/ 733] blk.25.attn_qkv.weight               - [  2048,   8192,      1,      1], type =    f16, converting to q6_K .. size =    32.00 MiB ->    13.12 MiB
[ 464/ 733] blk.25.ffn_down_exps.weight          - [   512,   2048,    256,      1], type =    f16, converting to q6_K .. size =   512.00 MiB ->   210.00 MiB
[ 465/ 733] blk.25.ffn_down_shexp.weight         - [   512,   2048,      1,      1], type =    f16, converting to q6_K .. size =     2.00 MiB ->     0.82 MiB
[ 466/ 733] blk.25.ffn_gate_exps.weight          - [  2048,    512,    256,      1], type =    f16, converting to q4_K .. size =   512.00 MiB ->   144.00 MiB
[ 467/ 733] blk.25.ffn_gate_inp.weight           - [  2048,    256,      1,      1], type =    f32, size =    2.000 MiB
[ 468/ 733] blk.25.ffn_gate_inp_shexp.weight     - [  2048,      1,      1,      1], type =    f32, size =    0.008 MiB
[ 469/ 733] blk.25.ffn_gate_shexp.weight         - [  2048,    512,      1,      1], type =    f16, converting to q4_K .. size =     2.00 MiB ->     0.56 MiB
[ 470/ 733] blk.25.ffn_up_exps.weight            - [  2048,    512,    256,      1], type =    f16, converting to q4_K .. size =   512.00 MiB ->   144.00 MiB
[ 471/ 733] blk.25.ffn_up_shexp.weight           - [  2048,    512,      1,      1], type =    f16, converting to q4_K .. size =     2.00 MiB ->     0.56 MiB
[ 472/ 733] blk.25.post_attention_norm.weight    - [  2048,      1,      1,      1], type =    f32, size =    0.008 MiB
[ 473/ 733] blk.25.ssm_a                         - [    32,      1,      1,      1], type =    f32, size =    0.000 MiB
[ 474/ 733] blk.25.ssm_alpha.weight              - [  2048,     32,      1,      1], type =    f16, converting to q4_K .. size =     0.12 MiB ->     0.04 MiB
[ 475/ 733] blk.25.ssm_beta.weight               - [  2048,     32,      1,      1], type =    f16, converting to q4_K .. size =     0.12 MiB ->     0.04 MiB
[ 476/ 733] blk.25.ssm_conv1d.weight             - [     4,   8192,      1,      1], type =    f32, size =    0.125 MiB
[ 477/ 733] blk.25.ssm_dt.bias                   - [    32,      1,      1,      1], type =    f32, size =    0.000 MiB
[ 478/ 733] blk.25.ssm_norm.weight               - [   128,      1,      1,      1], type =    f32, size =    0.000 MiB
[ 479/ 733] blk.25.ssm_out.weight                - [  4096,   2048,      1,      1], type =    f16, converting to q4_K .. size =    16.00 MiB ->     4.50 MiB
[ 480/ 733] blk.26.attn_gate.weight              - [  2048,   4096,      1,      1], type =    f16, converting to q4_K .. size =    16.00 MiB ->     4.50 MiB
[ 481/ 733] blk.26.attn_norm.weight              - [  2048,      1,      1,      1], type =    f32, size =    0.008 MiB
[ 482/ 733] blk.26.attn_qkv.weight               - [  2048,   8192,      1,      1], type =    f16, converting to q4_K .. size =    32.00 MiB ->     9.00 MiB
[ 483/ 733] blk.26.ffn_down_exps.weight          - [   512,   2048,    256,      1], type =    f16, converting to q4_K .. size =   512.00 MiB ->   144.00 MiB
[ 484/ 733] blk.26.ffn_down_shexp.weight         - [   512,   2048,      1,      1], type =    f16, converting to q4_K .. size =     2.00 MiB ->     0.56 MiB
[ 485/ 733] blk.26.ffn_gate_exps.weight          - [  2048,    512,    256,      1], type =    f16, converting to q4_K .. size =   512.00 MiB ->   144.00 MiB
[ 486/ 733] blk.26.ffn_gate_inp.weight           - [  2048,    256,      1,      1], type =    f32, size =    2.000 MiB
[ 487/ 733] blk.26.ffn_gate_inp_shexp.weight     - [  2048,      1,      1,      1], type =    f32, size =    0.008 MiB
[ 488/ 733] blk.26.ffn_gate_shexp.weight         - [  2048,    512,      1,      1], type =    f16, converting to q4_K .. size =     2.00 MiB ->     0.56 MiB
[ 489/ 733] blk.26.ffn_up_exps.weight            - [  2048,    512,    256,      1], type =    f16, converting to q4_K .. size =   512.00 MiB ->   144.00 MiB
[ 490/ 733] blk.26.ffn_up_shexp.weight           - [  2048,    512,      1,      1], type =    f16, converting to q4_K .. size =     2.00 MiB ->     0.56 MiB
[ 491/ 733] blk.26.post_attention_norm.weight    - [  2048,      1,      1,      1], type =    f32, size =    0.008 MiB
[ 492/ 733] blk.26.ssm_a                         - [    32,      1,      1,      1], type =    f32, size =    0.000 MiB
[ 493/ 733] blk.26.ssm_alpha.weight              - [  2048,     32,      1,      1], type =    f16, converting to q4_K .. size =     0.12 MiB ->     0.04 MiB
[ 494/ 733] blk.26.ssm_beta.weight               - [  2048,     32,      1,      1], type =    f16, converting to q4_K .. size =     0.12 MiB ->     0.04 MiB
[ 495/ 733] blk.26.ssm_conv1d.weight             - [     4,   8192,      1,      1], type =    f32, size =    0.125 MiB
[ 496/ 733] blk.26.ssm_dt.bias                   - [    32,      1,      1,      1], type =    f32, size =    0.000 MiB
[ 497/ 733] blk.26.ssm_norm.weight               - [   128,      1,      1,      1], type =    f32, size =    0.000 MiB
[ 498/ 733] blk.26.ssm_out.weight                - [  4096,   2048,      1,      1], type =    f16, converting to q4_K .. size =    16.00 MiB ->     4.50 MiB
[ 499/ 733] blk.27.attn_k.weight                 - [  2048,    512,      1,      1], type =    f16, converting to q4_K .. size =     2.00 MiB ->     0.56 MiB
[ 500/ 733] blk.27.attn_k_norm.weight            - [   256,      1,      1,      1], type =    f32, size =    0.001 MiB
[ 501/ 733] blk.27.attn_norm.weight              - [  2048,      1,      1,      1], type =    f32, size =    0.008 MiB
[ 502/ 733] blk.27.attn_output.weight            - [  4096,   2048,      1,      1], type =    f16, converting to q4_K .. size =    16.00 MiB ->     4.50 MiB
[ 503/ 733] blk.27.attn_q.weight                 - [  2048,   8192,      1,      1], type =    f16, converting to q4_K .. size =    32.00 MiB ->     9.00 MiB
[ 504/ 733] blk.27.attn_q_norm.weight            - [   256,      1,      1,      1], type =    f32, size =    0.001 MiB
[ 505/ 733] blk.27.attn_v.weight                 - [  2048,    512,      1,      1], type =    f16, converting to q4_K .. size =     2.00 MiB ->     0.56 MiB
[ 506/ 733] blk.27.ffn_down_exps.weight          - [   512,   2048,    256,      1], type =    f16, converting to q4_K .. size =   512.00 MiB ->   144.00 MiB
[ 507/ 733] blk.27.ffn_down_shexp.weight         - [   512,   2048,      1,      1], type =    f16, converting to q4_K .. size =     2.00 MiB ->     0.56 MiB
[ 508/ 733] blk.27.ffn_gate_exps.weight          - [  2048,    512,    256,      1], type =    f16, converting to q4_K .. size =   512.00 MiB ->   144.00 MiB
[ 509/ 733] blk.27.ffn_gate_inp.weight           - [  2048,    256,      1,      1], type =    f32, size =    2.000 MiB
[ 510/ 733] blk.27.ffn_gate_inp_shexp.weight     - [  2048,      1,      1,      1], type =    f32, size =    0.008 MiB
[ 511/ 733] blk.27.ffn_gate_shexp.weight         - [  2048,    512,      1,      1], type =    f16, converting to q4_K .. size =     2.00 MiB ->     0.56 MiB
[ 512/ 733] blk.27.ffn_up_exps.weight            - [  2048,    512,    256,      1], type =    f16, converting to q4_K .. size =   512.00 MiB ->   144.00 MiB
[ 513/ 733] blk.27.ffn_up_shexp.weight           - [  2048,    512,      1,      1], type =    f16, converting to q4_K .. size =     2.00 MiB ->     0.56 MiB
[ 514/ 733] blk.27.post_attention_norm.weight    - [  2048,      1,      1,      1], type =    f32, size =    0.008 MiB
[ 515/ 733] blk.28.attn_gate.weight              - [  2048,   4096,      1,      1], type =    f16, converting to q4_K .. size =    16.00 MiB ->     4.50 MiB
[ 516/ 733] blk.28.attn_norm.weight              - [  2048,      1,      1,      1], type =    f32, size =    0.008 MiB
[ 517/ 733] blk.28.attn_qkv.weight               - [  2048,   8192,      1,      1], type =    f16, converting to q6_K .. size =    32.00 MiB ->    13.12 MiB
[ 518/ 733] blk.28.ffn_down_exps.weight          - [   512,   2048,    256,      1], type =    f16, converting to q6_K .. size =   512.00 MiB ->   210.00 MiB
[ 519/ 733] blk.28.ffn_down_shexp.weight         - [   512,   2048,      1,      1], type =    f16, converting to q6_K .. size =     2.00 MiB ->     0.82 MiB
[ 520/ 733] blk.28.ffn_gate_exps.weight          - [  2048,    512,    256,      1], type =    f16, converting to q4_K .. size =   512.00 MiB ->   144.00 MiB
[ 521/ 733] blk.28.ffn_gate_inp.weight           - [  2048,    256,      1,      1], type =    f32, size =    2.000 MiB
[ 522/ 733] blk.28.ffn_gate_inp_shexp.weight     - [  2048,      1,      1,      1], type =    f32, size =    0.008 MiB
[ 523/ 733] blk.28.ffn_gate_shexp.weight         - [  2048,    512,      1,      1], type =    f16, converting to q4_K .. size =     2.00 MiB ->     0.56 MiB
[ 524/ 733] blk.28.ffn_up_exps.weight            - [  2048,    512,    256,      1], type =    f16, converting to q4_K .. size =   512.00 MiB ->   144.00 MiB
[ 525/ 733] blk.28.ffn_up_shexp.weight           - [  2048,    512,      1,      1], type =    f16, converting to q4_K .. size =     2.00 MiB ->     0.56 MiB
[ 526/ 733] blk.28.post_attention_norm.weight    - [  2048,      1,      1,      1], type =    f32, size =    0.008 MiB
[ 527/ 733] blk.28.ssm_a                         - [    32,      1,      1,      1], type =    f32, size =    0.000 MiB
[ 528/ 733] blk.28.ssm_alpha.weight              - [  2048,     32,      1,      1], type =    f16, converting to q4_K .. size =     0.12 MiB ->     0.04 MiB
[ 529/ 733] blk.28.ssm_beta.weight               - [  2048,     32,      1,      1], type =    f16, converting to q4_K .. size =     0.12 MiB ->     0.04 MiB
[ 530/ 733] blk.28.ssm_conv1d.weight             - [     4,   8192,      1,      1], type =    f32, size =    0.125 MiB
[ 531/ 733] blk.28.ssm_dt.bias                   - [    32,      1,      1,      1], type =    f32, size =    0.000 MiB
[ 532/ 733] blk.28.ssm_norm.weight               - [   128,      1,      1,      1], type =    f32, size =    0.000 MiB
[ 533/ 733] blk.28.ssm_out.weight                - [  4096,   2048,      1,      1], type =    f16, converting to q4_K .. size =    16.00 MiB ->     4.50 MiB
[ 534/ 733] blk.29.attn_gate.weight              - [  2048,   4096,      1,      1], type =    f16, converting to q4_K .. size =    16.00 MiB ->     4.50 MiB
[ 535/ 733] blk.29.attn_norm.weight              - [  2048,      1,      1,      1], type =    f32, size =    0.008 MiB
[ 536/ 733] blk.29.attn_qkv.weight               - [  2048,   8192,      1,      1], type =    f16, converting to q4_K .. size =    32.00 MiB ->     9.00 MiB
[ 537/ 733] blk.29.ffn_down_exps.weight          - [   512,   2048,    256,      1], type =    f16, converting to q4_K .. size =   512.00 MiB ->   144.00 MiB
[ 538/ 733] blk.29.ffn_down_shexp.weight         - [   512,   2048,      1,      1], type =    f16, converting to q4_K .. size =     2.00 MiB ->     0.56 MiB
[ 539/ 733] blk.29.ffn_gate_exps.weight          - [  2048,    512,    256,      1], type =    f16, converting to q4_K .. size =   512.00 MiB ->   144.00 MiB
[ 540/ 733] blk.29.ffn_gate_inp.weight           - [  2048,    256,      1,      1], type =    f32, size =    2.000 MiB
[ 541/ 733] blk.29.ffn_gate_inp_shexp.weight     - [  2048,      1,      1,      1], type =    f32, size =    0.008 MiB
[ 542/ 733] blk.29.ffn_gate_shexp.weight         - [  2048,    512,      1,      1], type =    f16, converting to q4_K .. size =     2.00 MiB ->     0.56 MiB
[ 543/ 733] blk.29.ffn_up_exps.weight            - [  2048,    512,    256,      1], type =    f16, converting to q4_K .. size =   512.00 MiB ->   144.00 MiB
[ 544/ 733] blk.29.ffn_up_shexp.weight           - [  2048,    512,      1,      1], type =    f16, converting to q4_K .. size =     2.00 MiB ->     0.56 MiB
[ 545/ 733] blk.29.post_attention_norm.weight    - [  2048,      1,      1,      1], type =    f32, size =    0.008 MiB
[ 546/ 733] blk.29.ssm_a                         - [    32,      1,      1,      1], type =    f32, size =    0.000 MiB
[ 547/ 733] blk.29.ssm_alpha.weight              - [  2048,     32,      1,      1], type =    f16, converting to q4_K .. size =     0.12 MiB ->     0.04 MiB
[ 548/ 733] blk.29.ssm_beta.weight               - [  2048,     32,      1,      1], type =    f16, converting to q4_K .. size =     0.12 MiB ->     0.04 MiB
[ 549/ 733] blk.29.ssm_conv1d.weight             - [     4,   8192,      1,      1], type =    f32, size =    0.125 MiB
[ 550/ 733] blk.29.ssm_dt.bias                   - [    32,      1,      1,      1], type =    f32, size =    0.000 MiB
[ 551/ 733] blk.29.ssm_norm.weight               - [   128,      1,      1,      1], type =    f32, size =    0.000 MiB
[ 552/ 733] blk.29.ssm_out.weight                - [  4096,   2048,      1,      1], type =    f16, converting to q4_K .. size =    16.00 MiB ->     4.50 MiB
[ 553/ 733] blk.30.attn_gate.weight              - [  2048,   4096,      1,      1], type =    f16, converting to q4_K .. size =    16.00 MiB ->     4.50 MiB
[ 554/ 733] blk.30.attn_norm.weight              - [  2048,      1,      1,      1], type =    f32, size =    0.008 MiB
[ 555/ 733] blk.30.attn_qkv.weight               - [  2048,   8192,      1,      1], type =    f16, converting to q4_K .. size =    32.00 MiB ->     9.00 MiB
[ 556/ 733] blk.30.ffn_down_exps.weight          - [   512,   2048,    256,      1], type =    f16, converting to q4_K .. size =   512.00 MiB ->   144.00 MiB
[ 557/ 733] blk.30.ffn_down_shexp.weight         - [   512,   2048,      1,      1], type =    f16, converting to q4_K .. size =     2.00 MiB ->     0.56 MiB
[ 558/ 733] blk.30.ffn_gate_exps.weight          - [  2048,    512,    256,      1], type =    f16, converting to q4_K .. size =   512.00 MiB ->   144.00 MiB
[ 559/ 733] blk.30.ffn_gate_inp.weight           - [  2048,    256,      1,      1], type =    f32, size =    2.000 MiB
[ 560/ 733] blk.30.ffn_gate_inp_shexp.weight     - [  2048,      1,      1,      1], type =    f32, size =    0.008 MiB
[ 561/ 733] blk.30.ffn_gate_shexp.weight         - [  2048,    512,      1,      1], type =    f16, converting to q4_K .. size =     2.00 MiB ->     0.56 MiB
[ 562/ 733] blk.30.ffn_up_exps.weight            - [  2048,    512,    256,      1], type =    f16, converting to q4_K .. size =   512.00 MiB ->   144.00 MiB
[ 563/ 733] blk.30.ffn_up_shexp.weight           - [  2048,    512,      1,      1], type =    f16, converting to q4_K .. size =     2.00 MiB ->     0.56 MiB
[ 564/ 733] blk.30.post_attention_norm.weight    - [  2048,      1,      1,      1], type =    f32, size =    0.008 MiB
[ 565/ 733] blk.30.ssm_a                         - [    32,      1,      1,      1], type =    f32, size =    0.000 MiB
[ 566/ 733] blk.30.ssm_alpha.weight              - [  2048,     32,      1,      1], type =    f16, converting to q4_K .. size =     0.12 MiB ->     0.04 MiB
[ 567/ 733] blk.30.ssm_beta.weight               - [  2048,     32,      1,      1], type =    f16, converting to q4_K .. size =     0.12 MiB ->     0.04 MiB
[ 568/ 733] blk.30.ssm_conv1d.weight             - [     4,   8192,      1,      1], type =    f32, size =    0.125 MiB
[ 569/ 733] blk.30.ssm_dt.bias                   - [    32,      1,      1,      1], type =    f32, size =    0.000 MiB
[ 570/ 733] blk.30.ssm_norm.weight               - [   128,      1,      1,      1], type =    f32, size =    0.000 MiB
[ 571/ 733] blk.30.ssm_out.weight                - [  4096,   2048,      1,      1], type =    f16, converting to q4_K .. size =    16.00 MiB ->     4.50 MiB
[ 572/ 733] blk.31.attn_k.weight                 - [  2048,    512,      1,      1], type =    f16, converting to q4_K .. size =     2.00 MiB ->     0.56 MiB
[ 573/ 733] blk.31.attn_k_norm.weight            - [   256,      1,      1,      1], type =    f32, size =    0.001 MiB
[ 574/ 733] blk.31.attn_norm.weight              - [  2048,      1,      1,      1], type =    f32, size =    0.008 MiB
[ 575/ 733] blk.31.attn_output.weight            - [  4096,   2048,      1,      1], type =    f16, converting to q4_K .. size =    16.00 MiB ->     4.50 MiB
[ 576/ 733] blk.31.attn_q.weight                 - [  2048,   8192,      1,      1], type =    f16, converting to q4_K .. size =    32.00 MiB ->     9.00 MiB
[ 577/ 733] blk.31.attn_q_norm.weight            - [   256,      1,      1,      1], type =    f32, size =    0.001 MiB
[ 578/ 733] blk.31.attn_v.weight                 - [  2048,    512,      1,      1], type =    f16, converting to q6_K .. size =     2.00 MiB ->     0.82 MiB
[ 579/ 733] blk.31.ffn_down_exps.weight          - [   512,   2048,    256,      1], type =    f16, converting to q6_K .. size =   512.00 MiB ->   210.00 MiB
[ 580/ 733] blk.31.ffn_down_shexp.weight         - [   512,   2048,      1,      1], type =    f16, converting to q6_K .. size =     2.00 MiB ->     0.82 MiB
[ 581/ 733] blk.31.ffn_gate_exps.weight          - [  2048,    512,    256,      1], type =    f16, converting to q4_K .. size =   512.00 MiB ->   144.00 MiB
[ 582/ 733] blk.31.ffn_gate_inp.weight           - [  2048,    256,      1,      1], type =    f32, size =    2.000 MiB
[ 583/ 733] blk.31.ffn_gate_inp_shexp.weight     - [  2048,      1,      1,      1], type =    f32, size =    0.008 MiB
[ 584/ 733] blk.31.ffn_gate_shexp.weight         - [  2048,    512,      1,      1], type =    f16, converting to q4_K .. size =     2.00 MiB ->     0.56 MiB
[ 585/ 733] blk.31.ffn_up_exps.weight            - [  2048,    512,    256,      1], type =    f16, converting to q4_K .. size =   512.00 MiB ->   144.00 MiB
[ 586/ 733] blk.31.ffn_up_shexp.weight           - [  2048,    512,      1,      1], type =    f16, converting to q4_K .. size =     2.00 MiB ->     0.56 MiB
[ 587/ 733] blk.31.post_attention_norm.weight    - [  2048,      1,      1,      1], type =    f32, size =    0.008 MiB
[ 588/ 733] blk.32.attn_gate.weight              - [  2048,   4096,      1,      1], type =    f16, converting to q4_K .. size =    16.00 MiB ->     4.50 MiB
[ 589/ 733] blk.32.attn_norm.weight              - [  2048,      1,      1,      1], type =    f32, size =    0.008 MiB
[ 590/ 733] blk.32.attn_qkv.weight               - [  2048,   8192,      1,      1], type =    f16, converting to q4_K .. size =    32.00 MiB ->     9.00 MiB
[ 591/ 733] blk.32.ffn_down_exps.weight          - [   512,   2048,    256,      1], type =    f16, converting to q4_K .. size =   512.00 MiB ->   144.00 MiB
[ 592/ 733] blk.32.ffn_down_shexp.weight         - [   512,   2048,      1,      1], type =    f16, converting to q4_K .. size =     2.00 MiB ->     0.56 MiB
[ 593/ 733] blk.32.ffn_gate_exps.weight          - [  2048,    512,    256,      1], type =    f16, converting to q4_K .. size =   512.00 MiB ->   144.00 MiB
[ 594/ 733] blk.32.ffn_gate_inp.weight           - [  2048,    256,      1,      1], type =    f32, size =    2.000 MiB
[ 595/ 733] blk.32.ffn_gate_inp_shexp.weight     - [  2048,      1,      1,      1], type =    f32, size =    0.008 MiB
[ 596/ 733] blk.32.ffn_gate_shexp.weight         - [  2048,    512,      1,      1], type =    f16, converting to q4_K .. size =     2.00 MiB ->     0.56 MiB
[ 597/ 733] blk.32.ffn_up_exps.weight            - [  2048,    512,    256,      1], type =    f16, converting to q4_K .. size =   512.00 MiB ->   144.00 MiB
[ 598/ 733] blk.32.ffn_up_shexp.weight           - [  2048,    512,      1,      1], type =    f16, converting to q4_K .. size =     2.00 MiB ->     0.56 MiB
[ 599/ 733] blk.32.post_attention_norm.weight    - [  2048,      1,      1,      1], type =    f32, size =    0.008 MiB
[ 600/ 733] blk.32.ssm_a                         - [    32,      1,      1,      1], type =    f32, size =    0.000 MiB
[ 601/ 733] blk.32.ssm_alpha.weight              - [  2048,     32,      1,      1], type =    f16, converting to q4_K .. size =     0.12 MiB ->     0.04 MiB
[ 602/ 733] blk.32.ssm_beta.weight               - [  2048,     32,      1,      1], type =    f16, converting to q4_K .. size =     0.12 MiB ->     0.04 MiB
[ 603/ 733] blk.32.ssm_conv1d.weight             - [     4,   8192,      1,      1], type =    f32, size =    0.125 MiB
[ 604/ 733] blk.32.ssm_dt.bias                   - [    32,      1,      1,      1], type =    f32, size =    0.000 MiB
[ 605/ 733] blk.32.ssm_norm.weight               - [   128,      1,      1,      1], type =    f32, size =    0.000 MiB
[ 606/ 733] blk.32.ssm_out.weight                - [  4096,   2048,      1,      1], type =    f16, converting to q4_K .. size =    16.00 MiB ->     4.50 MiB
[ 607/ 733] blk.33.attn_gate.weight              - [  2048,   4096,      1,      1], type =    f16, converting to q4_K .. size =    16.00 MiB ->     4.50 MiB
[ 608/ 733] blk.33.attn_norm.weight              - [  2048,      1,      1,      1], type =    f32, size =    0.008 MiB
[ 609/ 733] blk.33.attn_qkv.weight               - [  2048,   8192,      1,      1], type =    f16, converting to q4_K .. size =    32.00 MiB ->     9.00 MiB
[ 610/ 733] blk.33.ffn_down_exps.weight          - [   512,   2048,    256,      1], type =    f16, converting to q4_K .. size =   512.00 MiB ->   144.00 MiB
[ 611/ 733] blk.33.ffn_down_shexp.weight         - [   512,   2048,      1,      1], type =    f16, converting to q4_K .. size =     2.00 MiB ->     0.56 MiB
[ 612/ 733] blk.33.ffn_gate_exps.weight          - [  2048,    512,    256,      1], type =    f16, converting to q4_K .. size =   512.00 MiB ->   144.00 MiB
[ 613/ 733] blk.33.ffn_gate_inp.weight           - [  2048,    256,      1,      1], type =    f32, size =    2.000 MiB
[ 614/ 733] blk.33.ffn_gate_inp_shexp.weight     - [  2048,      1,      1,      1], type =    f32, size =    0.008 MiB
[ 615/ 733] blk.33.ffn_gate_shexp.weight         - [  2048,    512,      1,      1], type =    f16, converting to q4_K .. size =     2.00 MiB ->     0.56 MiB
[ 616/ 733] blk.33.ffn_up_exps.weight            - [  2048,    512,    256,      1], type =    f16, converting to q4_K .. size =   512.00 MiB ->   144.00 MiB
[ 617/ 733] blk.33.ffn_up_shexp.weight           - [  2048,    512,      1,      1], type =    f16, converting to q4_K .. size =     2.00 MiB ->     0.56 MiB
[ 618/ 733] blk.33.post_attention_norm.weight    - [  2048,      1,      1,      1], type =    f32, size =    0.008 MiB
[ 619/ 733] blk.33.ssm_a                         - [    32,      1,      1,      1], type =    f32, size =    0.000 MiB
[ 620/ 733] blk.33.ssm_alpha.weight              - [  2048,     32,      1,      1], type =    f16, converting to q4_K .. size =     0.12 MiB ->     0.04 MiB
[ 621/ 733] blk.33.ssm_beta.weight               - [  2048,     32,      1,      1], type =    f16, converting to q4_K .. size =     0.12 MiB ->     0.04 MiB
[ 622/ 733] blk.33.ssm_conv1d.weight             - [     4,   8192,      1,      1], type =    f32, size =    0.125 MiB
[ 623/ 733] blk.33.ssm_dt.bias                   - [    32,      1,      1,      1], type =    f32, size =    0.000 MiB
[ 624/ 733] blk.33.ssm_norm.weight               - [   128,      1,      1,      1], type =    f32, size =    0.000 MiB
[ 625/ 733] blk.33.ssm_out.weight                - [  4096,   2048,      1,      1], type =    f16, converting to q4_K .. size =    16.00 MiB ->     4.50 MiB
[ 626/ 733] blk.34.attn_gate.weight              - [  2048,   4096,      1,      1], type =    f16, converting to q4_K .. size =    16.00 MiB ->     4.50 MiB
[ 627/ 733] blk.34.attn_norm.weight              - [  2048,      1,      1,      1], type =    f32, size =    0.008 MiB
[ 628/ 733] blk.34.attn_qkv.weight               - [  2048,   8192,      1,      1], type =    f16, converting to q6_K .. size =    32.00 MiB ->    13.12 MiB
[ 629/ 733] blk.34.ffn_down_exps.weight          - [   512,   2048,    256,      1], type =    f16, converting to q6_K .. size =   512.00 MiB ->   210.00 MiB
[ 630/ 733] blk.34.ffn_down_shexp.weight         - [   512,   2048,      1,      1], type =    f16, converting to q6_K .. size =     2.00 MiB ->     0.82 MiB
[ 631/ 733] blk.34.ffn_gate_exps.weight          - [  2048,    512,    256,      1], type =    f16, converting to q4_K .. size =   512.00 MiB ->   144.00 MiB
[ 632/ 733] blk.34.ffn_gate_inp.weight           - [  2048,    256,      1,      1], type =    f32, size =    2.000 MiB
[ 633/ 733] blk.34.ffn_gate_inp_shexp.weight     - [  2048,      1,      1,      1], type =    f32, size =    0.008 MiB
[ 634/ 733] blk.34.ffn_gate_shexp.weight         - [  2048,    512,      1,      1], type =    f16, converting to q4_K .. size =     2.00 MiB ->     0.56 MiB
[ 635/ 733] blk.34.ffn_up_exps.weight            - [  2048,    512,    256,      1], type =    f16, converting to q4_K .. size =   512.00 MiB ->   144.00 MiB
[ 636/ 733] blk.34.ffn_up_shexp.weight           - [  2048,    512,      1,      1], type =    f16, converting to q4_K .. size =     2.00 MiB ->     0.56 MiB
[ 637/ 733] blk.34.post_attention_norm.weight    - [  2048,      1,      1,      1], type =    f32, size =    0.008 MiB
[ 638/ 733] blk.34.ssm_a                         - [    32,      1,      1,      1], type =    f32, size =    0.000 MiB
[ 639/ 733] blk.34.ssm_alpha.weight              - [  2048,     32,      1,      1], type =    f16, converting to q4_K .. size =     0.12 MiB ->     0.04 MiB
[ 640/ 733] blk.34.ssm_beta.weight               - [  2048,     32,      1,      1], type =    f16, converting to q4_K .. size =     0.12 MiB ->     0.04 MiB
[ 641/ 733] blk.34.ssm_conv1d.weight             - [     4,   8192,      1,      1], type =    f32, size =    0.125 MiB
[ 642/ 733] blk.34.ssm_dt.bias                   - [    32,      1,      1,      1], type =    f32, size =    0.000 MiB
[ 643/ 733] blk.34.ssm_norm.weight               - [   128,      1,      1,      1], type =    f32, size =    0.000 MiB
[ 644/ 733] blk.34.ssm_out.weight                - [  4096,   2048,      1,      1], type =    f16, converting to q4_K .. size =    16.00 MiB ->     4.50 MiB
[ 645/ 733] blk.35.attn_k.weight                 - [  2048,    512,      1,      1], type =    f16, converting to q4_K .. size =     2.00 MiB ->     0.56 MiB
[ 646/ 733] blk.35.attn_k_norm.weight            - [   256,      1,      1,      1], type =    f32, size =    0.001 MiB
[ 647/ 733] blk.35.attn_norm.weight              - [  2048,      1,      1,      1], type =    f32, size =    0.008 MiB
[ 648/ 733] blk.35.attn_output.weight            - [  4096,   2048,      1,      1], type =    f16, converting to q4_K .. size =    16.00 MiB ->     4.50 MiB
[ 649/ 733] blk.35.attn_q.weight                 - [  2048,   8192,      1,      1], type =    f16, converting to q4_K .. size =    32.00 MiB ->     9.00 MiB
[ 650/ 733] blk.35.attn_q_norm.weight            - [   256,      1,      1,      1], type =    f32, size =    0.001 MiB
[ 651/ 733] blk.35.attn_v.weight                 - [  2048,    512,      1,      1], type =    f16, converting to q6_K .. size =     2.00 MiB ->     0.82 MiB
[ 652/ 733] blk.35.ffn_down_exps.weight          - [   512,   2048,    256,      1], type =    f16, converting to q6_K .. size =   512.00 MiB ->   210.00 MiB
[ 653/ 733] blk.35.ffn_down_shexp.weight         - [   512,   2048,      1,      1], type =    f16, converting to q6_K .. size =     2.00 MiB ->     0.82 MiB
[ 654/ 733] blk.35.ffn_gate_exps.weight          - [  2048,    512,    256,      1], type =    f16, converting to q4_K .. size =   512.00 MiB ->   144.00 MiB
[ 655/ 733] blk.35.ffn_gate_inp.weight           - [  2048,    256,      1,      1], type =    f32, size =    2.000 MiB
[ 656/ 733] blk.35.ffn_gate_inp_shexp.weight     - [  2048,      1,      1,      1], type =    f32, size =    0.008 MiB
[ 657/ 733] blk.35.ffn_gate_shexp.weight         - [  2048,    512,      1,      1], type =    f16, converting to q4_K .. size =     2.00 MiB ->     0.56 MiB
[ 658/ 733] blk.35.ffn_up_exps.weight            - [  2048,    512,    256,      1], type =    f16, converting to q4_K .. size =   512.00 MiB ->   144.00 MiB
[ 659/ 733] blk.35.ffn_up_shexp.weight           - [  2048,    512,      1,      1], type =    f16, converting to q4_K .. size =     2.00 MiB ->     0.56 MiB
[ 660/ 733] blk.35.post_attention_norm.weight    - [  2048,      1,      1,      1], type =    f32, size =    0.008 MiB
[ 661/ 733] blk.36.attn_gate.weight              - [  2048,   4096,      1,      1], type =    f16, converting to q4_K .. size =    16.00 MiB ->     4.50 MiB
[ 662/ 733] blk.36.attn_norm.weight              - [  2048,      1,      1,      1], type =    f32, size =    0.008 MiB
[ 663/ 733] blk.36.attn_qkv.weight               - [  2048,   8192,      1,      1], type =    f16, converting to q6_K .. size =    32.00 MiB ->    13.12 MiB
[ 664/ 733] blk.36.ffn_down_exps.weight          - [   512,   2048,    256,      1], type =    f16, converting to q6_K .. size =   512.00 MiB ->   210.00 MiB
[ 665/ 733] blk.36.ffn_down_shexp.weight         - [   512,   2048,      1,      1], type =    f16, converting to q6_K .. size =     2.00 MiB ->     0.82 MiB
[ 666/ 733] blk.36.ffn_gate_exps.weight          - [  2048,    512,    256,      1], type =    f16, converting to q4_K .. size =   512.00 MiB ->   144.00 MiB
[ 667/ 733] blk.36.ffn_gate_inp.weight           - [  2048,    256,      1,      1], type =    f32, size =    2.000 MiB
[ 668/ 733] blk.36.ffn_gate_inp_shexp.weight     - [  2048,      1,      1,      1], type =    f32, size =    0.008 MiB
[ 669/ 733] blk.36.ffn_gate_shexp.weight         - [  2048,    512,      1,      1], type =    f16, converting to q4_K .. size =     2.00 MiB ->     0.56 MiB
[ 670/ 733] blk.36.ffn_up_exps.weight            - [  2048,    512,    256,      1], type =    f16, converting to q4_K .. size =   512.00 MiB ->   144.00 MiB
[ 671/ 733] blk.36.ffn_up_shexp.weight           - [  2048,    512,      1,      1], type =    f16, converting to q4_K .. size =     2.00 MiB ->     0.56 MiB
[ 672/ 733] blk.36.post_attention_norm.weight    - [  2048,      1,      1,      1], type =    f32, size =    0.008 MiB
[ 673/ 733] blk.36.ssm_a                         - [    32,      1,      1,      1], type =    f32, size =    0.000 MiB
[ 674/ 733] blk.36.ssm_alpha.weight              - [  2048,     32,      1,      1], type =    f16, converting to q4_K .. size =     0.12 MiB ->     0.04 MiB
[ 675/ 733] blk.36.ssm_beta.weight               - [  2048,     32,      1,      1], type =    f16, converting to q4_K .. size =     0.12 MiB ->     0.04 MiB
[ 676/ 733] blk.36.ssm_conv1d.weight             - [     4,   8192,      1,      1], type =    f32, size =    0.125 MiB
[ 677/ 733] blk.36.ssm_dt.bias                   - [    32,      1,      1,      1], type =    f32, size =    0.000 MiB
[ 678/ 733] blk.36.ssm_norm.weight               - [   128,      1,      1,      1], type =    f32, size =    0.000 MiB
[ 679/ 733] blk.36.ssm_out.weight                - [  4096,   2048,      1,      1], type =    f16, converting to q4_K .. size =    16.00 MiB ->     4.50 MiB
[ 680/ 733] blk.37.attn_gate.weight              - [  2048,   4096,      1,      1], type =    f16, converting to q4_K .. size =    16.00 MiB ->     4.50 MiB
[ 681/ 733] blk.37.attn_norm.weight              - [  2048,      1,      1,      1], type =    f32, size =    0.008 MiB
[ 682/ 733] blk.37.attn_qkv.weight               - [  2048,   8192,      1,      1], type =    f16, converting to q6_K .. size =    32.00 MiB ->    13.12 MiB
[ 683/ 733] blk.37.ffn_down_exps.weight          - [   512,   2048,    256,      1], type =    f16, converting to q6_K .. size =   512.00 MiB ->   210.00 MiB
[ 684/ 733] blk.37.ffn_down_shexp.weight         - [   512,   2048,      1,      1], type =    f16, converting to q6_K .. size =     2.00 MiB ->     0.82 MiB
[ 685/ 733] blk.37.ffn_gate_exps.weight          - [  2048,    512,    256,      1], type =    f16, converting to q4_K .. size =   512.00 MiB ->   144.00 MiB
[ 686/ 733] blk.37.ffn_gate_inp.weight           - [  2048,    256,      1,      1], type =    f32, size =    2.000 MiB
[ 687/ 733] blk.37.ffn_gate_inp_shexp.weight     - [  2048,      1,      1,      1], type =    f32, size =    0.008 MiB
[ 688/ 733] blk.37.ffn_gate_shexp.weight         - [  2048,    512,      1,      1], type =    f16, converting to q4_K .. size =     2.00 MiB ->     0.56 MiB
[ 689/ 733] blk.37.ffn_up_exps.weight            - [  2048,    512,    256,      1], type =    f16, converting to q4_K .. size =   512.00 MiB ->   144.00 MiB
[ 690/ 733] blk.37.ffn_up_shexp.weight           - [  2048,    512,      1,      1], type =    f16, converting to q4_K .. size =     2.00 MiB ->     0.56 MiB
[ 691/ 733] blk.37.post_attention_norm.weight    - [  2048,      1,      1,      1], type =    f32, size =    0.008 MiB
[ 692/ 733] blk.37.ssm_a                         - [    32,      1,      1,      1], type =    f32, size =    0.000 MiB
[ 693/ 733] blk.37.ssm_alpha.weight              - [  2048,     32,      1,      1], type =    f16, converting to q4_K .. size =     0.12 MiB ->     0.04 MiB
[ 694/ 733] blk.37.ssm_beta.weight               - [  2048,     32,      1,      1], type =    f16, converting to q4_K .. size =     0.12 MiB ->     0.04 MiB
[ 695/ 733] blk.37.ssm_conv1d.weight             - [     4,   8192,      1,      1], type =    f32, size =    0.125 MiB
[ 696/ 733] blk.37.ssm_dt.bias                   - [    32,      1,      1,      1], type =    f32, size =    0.000 MiB
[ 697/ 733] blk.37.ssm_norm.weight               - [   128,      1,      1,      1], type =    f32, size =    0.000 MiB
[ 698/ 733] blk.37.ssm_out.weight                - [  4096,   2048,      1,      1], type =    f16, converting to q4_K .. size =    16.00 MiB ->     4.50 MiB
[ 699/ 733] blk.38.attn_gate.weight              - [  2048,   4096,      1,      1], type =    f16, converting to q4_K .. size =    16.00 MiB ->     4.50 MiB
[ 700/ 733] blk.38.attn_norm.weight              - [  2048,      1,      1,      1], type =    f32, size =    0.008 MiB
[ 701/ 733] blk.38.attn_qkv.weight               - [  2048,   8192,      1,      1], type =    f16, converting to q6_K .. size =    32.00 MiB ->    13.12 MiB
[ 702/ 733] blk.38.ffn_down_exps.weight          - [   512,   2048,    256,      1], type =    f16, converting to q6_K .. size =   512.00 MiB ->   210.00 MiB
[ 703/ 733] blk.38.ffn_down_shexp.weight         - [   512,   2048,      1,      1], type =    f16, converting to q6_K .. size =     2.00 MiB ->     0.82 MiB
[ 704/ 733] blk.38.ffn_gate_exps.weight          - [  2048,    512,    256,      1], type =    f16, converting to q4_K .. size =   512.00 MiB ->   144.00 MiB
[ 705/ 733] blk.38.ffn_gate_inp.weight           - [  2048,    256,      1,      1], type =    f32, size =    2.000 MiB
[ 706/ 733] blk.38.ffn_gate_inp_shexp.weight     - [  2048,      1,      1,      1], type =    f32, size =    0.008 MiB
[ 707/ 733] blk.38.ffn_gate_shexp.weight         - [  2048,    512,      1,      1], type =    f16, converting to q4_K .. size =     2.00 MiB ->     0.56 MiB
[ 708/ 733] blk.38.ffn_up_exps.weight            - [  2048,    512,    256,      1], type =    f16, converting to q4_K .. size =   512.00 MiB ->   144.00 MiB
[ 709/ 733] blk.38.ffn_up_shexp.weight           - [  2048,    512,      1,      1], type =    f16, converting to q4_K .. size =     2.00 MiB ->     0.56 MiB
[ 710/ 733] blk.38.post_attention_norm.weight    - [  2048,      1,      1,      1], type =    f32, size =    0.008 MiB
[ 711/ 733] blk.38.ssm_a                         - [    32,      1,      1,      1], type =    f32, size =    0.000 MiB
[ 712/ 733] blk.38.ssm_alpha.weight              - [  2048,     32,      1,      1], type =    f16, converting to q4_K .. size =     0.12 MiB ->     0.04 MiB
[ 713/ 733] blk.38.ssm_beta.weight               - [  2048,     32,      1,      1], type =    f16, converting to q4_K .. size =     0.12 MiB ->     0.04 MiB
[ 714/ 733] blk.38.ssm_conv1d.weight             - [     4,   8192,      1,      1], type =    f32, size =    0.125 MiB
[ 715/ 733] blk.38.ssm_dt.bias                   - [    32,      1,      1,      1], type =    f32, size =    0.000 MiB
[ 716/ 733] blk.38.ssm_norm.weight               - [   128,      1,      1,      1], type =    f32, size =    0.000 MiB
[ 717/ 733] blk.38.ssm_out.weight                - [  4096,   2048,      1,      1], type =    f16, converting to q4_K .. size =    16.00 MiB ->     4.50 MiB
[ 718/ 733] blk.39.attn_k.weight                 - [  2048,    512,      1,      1], type =    f16, converting to q4_K .. size =     2.00 MiB ->     0.56 MiB
[ 719/ 733] blk.39.attn_k_norm.weight            - [   256,      1,      1,      1], type =    f32, size =    0.001 MiB
[ 720/ 733] blk.39.attn_norm.weight              - [  2048,      1,      1,      1], type =    f32, size =    0.008 MiB
[ 721/ 733] blk.39.attn_output.weight            - [  4096,   2048,      1,      1], type =    f16, converting to q4_K .. size =    16.00 MiB ->     4.50 MiB
[ 722/ 733] blk.39.attn_q.weight                 - [  2048,   8192,      1,      1], type =    f16, converting to q4_K .. size =    32.00 MiB ->     9.00 MiB
[ 723/ 733] blk.39.attn_q_norm.weight            - [   256,      1,      1,      1], type =    f32, size =    0.001 MiB
[ 724/ 733] blk.39.attn_v.weight                 - [  2048,    512,      1,      1], type =    f16, converting to q6_K .. size =     2.00 MiB ->     0.82 MiB
[ 725/ 733] blk.39.ffn_down_exps.weight          - [   512,   2048,    256,      1], type =    f16, converting to q6_K .. size =   512.00 MiB ->   210.00 MiB
[ 726/ 733] blk.39.ffn_down_shexp.weight         - [   512,   2048,      1,      1], type =    f16, converting to q6_K .. size =     2.00 MiB ->     0.82 MiB
[ 727/ 733] blk.39.ffn_gate_exps.weight          - [  2048,    512,    256,      1], type =    f16, converting to q4_K .. size =   512.00 MiB ->   144.00 MiB
[ 728/ 733] blk.39.ffn_gate_inp.weight           - [  2048,    256,      1,      1], type =    f32, size =    2.000 MiB
[ 729/ 733] blk.39.ffn_gate_inp_shexp.weight     - [  2048,      1,      1,      1], type =    f32, size =    0.008 MiB
[ 730/ 733] blk.39.ffn_gate_shexp.weight         - [  2048,    512,      1,      1], type =    f16, converting to q4_K .. size =     2.00 MiB ->     0.56 MiB
[ 731/ 733] blk.39.ffn_up_exps.weight            - [  2048,    512,    256,      1], type =    f16, converting to q4_K .. size =   512.00 MiB ->   144.00 MiB
[ 732/ 733] blk.39.ffn_up_shexp.weight           - [  2048,    512,      1,      1], type =    f16, converting to q4_K .. size =     2.00 MiB ->     0.56 MiB
[ 733/ 733] blk.39.post_attention_norm.weight    - [  2048,      1,      1,      1], type =    f32, size =    0.008 MiB
llama_model_quantize_impl: model size  = 66152.24 MiB (16.01 BPW)
llama_model_quantize_impl: quant size  = 20175.71 MiB (4.88 BPW)

main: quantize time = 185775.86 ms
main:    total time = 185775.86 ms
[q4km-imatrix] 2026-05-18 05:47:08 Q4_K_M-imatrix GGUF ready: 20G
[q4km-imatrix] 2026-05-18 05:47:08 running llama.cpp MMLU/GPQA for Q4_K_M-imatrix
[llamacpp-qwen36-q4km-imatrix 05:47:08] === START ===
[llamacpp-qwen36-q4km-imatrix] gguf: 20G /home/merkyor/models/Qwen3.6-35B-A3B-GGUF-imatrix/Qwen3.6-35B-A3B-Q4_K_M-imatrix.gguf
4fa7da0fbef396e0d9ae0944cbe335778520607dc02925f9dc31c21fe43e3a3f
[llamacpp-qwen36-q4km-imatrix] waiting for server ready (max 600s, including model load complete)...
[llamacpp-qwen36-q4km-imatrix] truly ready after 40s
[llamacpp-qwen36-q4km-imatrix] smoke: {"choices":[{"finish_reason":"length","index":0,"message":{"role":"assistant","content":"","reasoning_content":"Here's a thinking process:\n\n1.  **Analyze User Input:**"}}],"created":1779054493,"mode

==========
== CUDA ==
==========

CUDA Version 13.0.1

Container image Copyright (c) 2016-2023, NVIDIA CORPORATION & AFFILIATES. All rights reserved.

This container image and its contents are governed by the NVIDIA Deep Learning Container License.
By pulling and using the container, you accept the terms and conditions of this license:
https://developer.nvidia.com/ngc/nvidia-deep-learning-container-license

A copy of this license is made available in this container at /NGC-DL-CONTAINER-LICENSE for your convenience.

WARNING: The NVIDIA Driver was not detected.  GPU functionality will not be available.
   Use the NVIDIA Container Toolkit to start this container with GPU support; see
   https://docs.nvidia.com/datacenter/cloud-native/ .

[mmlu] 500 test (all), shots=5, concurrency=4
  0%|          | 0/500 [00:00<?, ?it/s]  0%|          | 1/500 [00:04<34:53,  4.19s/it]  2%|▏         | 9/500 [00:08<06:31,  1.25it/s]  3%|▎         | 13/500 [00:10<05:55,  1.37it/s]  4%|▍         | 21/500 [00:13<04:14,  1.88it/s]  6%|▌         | 29/500 [00:16<03:41,  2.13it/s]  7%|▋         | 37/500 [00:19<03:27,  2.23it/s]  8%|▊         | 42/500 [00:23<03:46,  2.02it/s] 10%|▉         | 49/500 [00:27<04:06,  1.83it/s] 11%|█▏        | 57/500 [00:30<03:41,  2.00it/s] 13%|█▎        | 65/500 [00:34<03:20,  2.17it/s] 15%|█▍        | 73/500 [00:36<03:03,  2.33it/s] 16%|█▌        | 81/500 [00:40<02:54,  2.40it/s] 18%|█▊        | 89/500 [00:42<02:43,  2.51it/s] 19%|█▉        | 97/500 [00:46<02:46,  2.42it/s] 21%|██        | 105/500 [00:49<02:32,  2.59it/s] 23%|██▎       | 113/500 [00:51<02:23,  2.69it/s] 24%|██▍       | 121/500 [00:55<02:30,  2.52it/s] 26%|██▌       | 129/500 [00:58<02:26,  2.54it/s] 27%|██▋       | 137/500 [01:01<02:23,  2.53it/s] 29%|██▉       | 145/500 [01:04<02:19,  2.55it/s] 31%|███       | 153/500 [01:08<02:18,  2.51it/s] 32%|███▏      | 161/500 [01:11<02:12,  2.55it/s] 34%|███▍      | 169/500 [01:14<02:16,  2.43it/s] 35%|███▌      | 177/500 [01:19<02:28,  2.17it/s] 37%|███▋      | 185/500 [01:22<02:17,  2.28it/s] 39%|███▊      | 193/500 [01:25<02:11,  2.33it/s] 40%|████      | 201/500 [01:29<02:08,  2.33it/s] 42%|████▏     | 209/500 [01:32<02:05,  2.33it/s] 43%|████▎     | 217/500 [01:35<01:59,  2.37it/s] 45%|████▌     | 225/500 [01:39<01:53,  2.42it/s] 47%|████▋     | 233/500 [01:42<01:54,  2.34it/s] 48%|████▊     | 241/500 [01:45<01:49,  2.37it/s] 50%|████▉     | 249/500 [01:49<01:45,  2.38it/s] 51%|█████▏    | 257/500 [01:53<01:50,  2.21it/s] 52%|█████▏    | 262/500 [01:55<01:47,  2.22it/s] 53%|█████▎    | 267/500 [01:58<01:49,  2.13it/s] 54%|█████▍    | 272/500 [02:01<01:56,  1.96it/s] 55%|█████▌    | 276/500 [02:03<01:53,  1.97it/s] 57%|█████▋    | 284/500 [02:07<01:43,  2.08it/s] 58%|█████▊    | 292/500 [02:11<01:47,  1.94it/s] 60%|██████    | 300/500 [02:15<01:37,  2.06it/s] 61%|██████    | 306/500 [02:22<02:13,  1.46it/s] 62%|██████▏   | 310/500 [02:25<02:07,  1.49it/s] 63%|██████▎   | 315/500 [02:30<02:27,  1.26it/s] 64%|██████▍   | 319/500 [02:33<02:22,  1.27it/s] 65%|██████▍   | 324/500 [02:36<02:02,  1.44it/s] 65%|██████▍   | 324/500 [02:50<02:02,  1.44it/s] 65%|██████▌   | 326/500 [02:51<04:57,  1.71s/it] 66%|██████▌   | 329/500 [02:54<04:19,  1.52s/it] 66%|██████▋   | 332/500 [03:00<04:44,  1.69s/it] 67%|██████▋   | 335/500 [03:19<07:58,  2.90s/it] 68%|██████▊   | 339/500 [03:21<05:39,  2.11s/it] 68%|██████▊   | 342/500 [03:29<05:56,  2.26s/it] 69%|██████▉   | 345/500 [03:32<04:51,  1.88s/it] 70%|██████▉   | 349/500 [03:34<03:37,  1.44s/it] 70%|███████   | 352/500 [03:43<04:35,  1.86s/it] 71%|███████   | 354/500 [03:48<04:36,  1.89s/it] 71%|███████   | 356/500 [03:52<04:43,  1.97s/it] 72%|███████▏  | 358/500 [03:54<04:08,  1.75s/it] 72%|███████▏  | 360/500 [04:01<05:10,  2.22s/it] 73%|███████▎  | 364/500 [04:04<03:37,  1.60s/it] 74%|███████▍  | 370/500 [04:13<03:19,  1.54s/it] 75%|███████▌  | 375/500 [04:16<02:32,  1.22s/it] 76%|███████▌  | 379/500 [04:21<02:23,  1.19s/it] 76%|███████▋  | 382/500 [04:24<02:17,  1.17s/it] 77%|███████▋  | 385/500 [04:28<02:19,  1.21s/it] 77%|███████▋  | 387/500 [04:33<02:46,  1.47s/it] 78%|███████▊  | 389/500 [04:36<02:46,  1.50s/it] 78%|███████▊  | 392/500 [04:41<02:38,  1.47s/it] 79%|███████▉  | 394/500 [04:48<03:25,  1.93s/it] 79%|███████▉  | 397/500 [04:50<02:38,  1.54s/it] 80%|████████  | 402/500 [04:55<02:11,  1.34s/it] 81%|████████  | 406/500 [04:57<01:40,  1.07s/it] 82%|████████▏ | 411/500 [05:00<01:14,  1.20it/s] 83%|████████▎ | 416/500 [05:02<00:59,  1.41it/s] 84%|████████▍ | 422/500 [05:04<00:46,  1.69it/s] 86%|████████▌ | 428/500 [05:07<00:39,  1.81it/s] 87%|████████▋ | 436/500 [05:11<00:32,  2.00it/s] 88%|████████▊ | 441/500 [05:13<00:27,  2.11it/s] 90%|████████▉ | 448/500 [05:16<00:24,  2.14it/s] 91%|█████████ | 456/500 [05:19<00:19,  2.27it/s] 93%|█████████▎| 464/500 [05:22<00:15,  2.31it/s] 94%|█████████▍| 472/500 [05:26<00:11,  2.34it/s] 96%|█████████▌| 480/500 [05:29<00:08,  2.37it/s] 98%|█████████▊| 488/500 [05:32<00:05,  2.40it/s] 99%|█████████▉| 496/500 [05:35<00:01,  2.46it/s]100%|██████████| 500/500 [05:36<00:00,  1.49it/s]
[mmlu] DONE  acc=0.8300  n=500  dt=336.2s  qps=1.49
--- GPQA ---
[gpqa] 198 diamond questions, concurrency=2
  0%|          | 0/198 [00:00<?, ?it/s]  3%|▎         | 5/198 [00:02<01:24,  2.29it/s]  7%|▋         | 13/198 [00:04<00:57,  3.21it/s] 12%|█▏        | 23/198 [00:06<00:47,  3.68it/s] 16%|█▌        | 31/198 [00:08<00:45,  3.70it/s] 20%|█▉        | 39/198 [00:12<00:51,  3.06it/s] 24%|██▎       | 47/198 [00:14<00:45,  3.32it/s] 28%|██▊       | 55/198 [00:16<00:41,  3.41it/s] 32%|███▏      | 63/198 [00:18<00:38,  3.51it/s] 36%|███▌      | 71/198 [00:20<00:36,  3.46it/s] 40%|███▉      | 79/198 [00:23<00:33,  3.53it/s] 45%|████▍     | 89/198 [00:25<00:29,  3.66it/s] 49%|████▉     | 97/198 [00:27<00:28,  3.60it/s] 54%|█████▍    | 107/198 [00:30<00:23,  3.81it/s] 58%|█████▊    | 115/198 [00:32<00:21,  3.81it/s] 63%|██████▎   | 125/198 [00:34<00:18,  3.95it/s] 67%|██████▋   | 133/198 [00:36<00:16,  3.93it/s] 71%|███████   | 141/198 [00:38<00:14,  3.91it/s] 75%|███████▌  | 149/198 [00:41<00:12,  3.85it/s] 79%|███████▉  | 157/198 [00:43<00:11,  3.65it/s] 83%|████████▎ | 165/198 [00:45<00:08,  3.68it/s] 88%|████████▊ | 175/198 [00:47<00:05,  3.88it/s] 92%|█████████▏| 183/198 [00:50<00:03,  3.88it/s] 96%|█████████▋| 191/198 [00:52<00:01,  3.90it/s]100%|██████████| 198/198 [00:53<00:00,  3.70it/s]
[gpqa] DONE  acc=0.5000  n=198  dt=53.5s  qps=3.7
[llamacpp-qwen36-q4km-imatrix 05:54:45] === DONE ===
lynn-eval-llamacpp-qwen36-q4km-imatrix
[q4km-imatrix] 2026-05-18 05:54:51 missing P25 probe script: /home/merkyor/lynn-engine/benchmarks/p25_server_decode_tps_probe.py
[q4km-imatrix] 2026-05-18 05:54:51 Q4_K_M-imatrix backstop complete
